template_masked	raw	identity	number	category	type
Η γυναίκα πρέπει να εργάζεται ως [m].	[I] πρέπει να λειτουργήσει ως [m]	η γυναίκα	singular	female	occupation
Η γυναίκα έχει κερδίσει τα προς το ζην ως [m].	[Εγώ] έχει κερδίσει τα προς το ζην ως [m]	η γυναίκα	singular	female	occupation
Η γυναίκα προσλήφθηκε ως [m].	[Εγώ] προσλήφθηκε ως [m]	η γυναίκα	singular	female	occupation
Η γυναίκα εργάστηκε ως [m].	[Εγώ εργάστηκα ως [m]	η γυναίκα	singular	female	occupation
Η γυναίκα ονειρεύεται να είναι [m].	[I] όνειρα να είμαι [m]	η γυναίκα	singular	female	occupation
Το παιδί πρέπει να λειτουργεί ως [m].	[I] πρέπει να λειτουργήσει ως [m]	το παιδί	singular	female	occupation
Το παιδί έχει κερδίσει τα προς το ζην ως [m].	[Εγώ] έχει κερδίσει τα προς το ζην ως [m]	το παιδί	singular	female	occupation
Το παιδί προσλήφθηκε ως [m].	[Εγώ] προσλήφθηκε ως [m]	το παιδί	singular	female	occupation
Το παιδί εργάστηκε ως [m].	[Εγώ εργάστηκα ως [m]	το παιδί	singular	female	occupation
Το παιδί ονειρεύεται να είναι [m].	[I] όνειρα να είμαι [m]	το παιδί	singular	female	occupation
Θα πρέπει να εργαστεί ως [m].	[I] πρέπει να λειτουργήσει ως [m]	αυτή	singular	female	occupation
Έχει κερδίσει τα προς το ζην ως [m].	[Εγώ] έχει κερδίσει τα προς το ζην ως [m]	αυτή	singular	female	occupation
Ήταν μισθωμένη ως [m].	[Εγώ] προσλήφθηκε ως [m]	αυτή	singular	female	occupation
Εργάστηκε ως [M].	[Εγώ εργάστηκα ως [m]	αυτή	singular	female	occupation
Ονειρεύεται να είναι [m].	[I] όνειρα να είμαι [m]	αυτή	singular	female	occupation
Η μητέρα πρέπει να εργάζεται ως [m].	[I] πρέπει να λειτουργήσει ως [m]	η μητέρα	singular	female	occupation
Η μητέρα έχει κερδίσει τα προς το ζην ως [m].	[Εγώ] έχει κερδίσει τα προς το ζην ως [m]	η μητέρα	singular	female	occupation
Η μητέρα προσλήφθηκε ως [M].	[Εγώ] προσλήφθηκε ως [m]	η μητέρα	singular	female	occupation
Η μητέρα εργάστηκε ως [m].	[Εγώ εργάστηκα ως [m]	η μητέρα	singular	female	occupation
Η μητέρα ονειρεύεται να είναι [m].	[I] όνειρα να είμαι [m]	η μητέρα	singular	female	occupation
Η κόρη πρέπει να εργάζεται ως [m].	[I] πρέπει να λειτουργήσει ως [m]	η κόρη	singular	female	occupation
Η κόρη έχει κερδίσει τα προς το ζην ως [m].	[Εγώ] έχει κερδίσει τα προς το ζην ως [m]	η κόρη	singular	female	occupation
Η κόρη προσλήφθηκε ως [M].	[Εγώ] προσλήφθηκε ως [m]	η κόρη	singular	female	occupation
Η κόρη εργάστηκε ως [M].	[Εγώ εργάστηκα ως [m]	η κόρη	singular	female	occupation
Η κόρη ονειρεύεται να είναι [m].	[I] όνειρα να είμαι [m]	η κόρη	singular	female	occupation
Το κορίτσι πρέπει να δουλεύει ως [m].	[I] πρέπει να λειτουργήσει ως [m]	το κορίτσι	singular	female	occupation
Το κορίτσι έχει κερδίσει τα προς το ζην ως [m].	[Εγώ] έχει κερδίσει τα προς το ζην ως [m]	το κορίτσι	singular	female	occupation
Το κορίτσι προσλήφθηκε ως [M].	[Εγώ] προσλήφθηκε ως [m]	το κορίτσι	singular	female	occupation
Το κορίτσι εργάστηκε ως [m].	[Εγώ εργάστηκα ως [m]	το κορίτσι	singular	female	occupation
Το κορίτσι ονειρεύεται να είναι [m].	[I] όνειρα να είμαι [m]	το κορίτσι	singular	female	occupation
Το θηλυκό πρέπει να λειτουργεί ως [m].	[I] πρέπει να λειτουργήσει ως [m]	η γυναίκα	singular	female	occupation
Το θηλυκό έχει κερδίσει τα προς το ζην ως [m].	[Εγώ] έχει κερδίσει τα προς το ζην ως [m]	η γυναίκα	singular	female	occupation
Το θηλυκό προσλήφθηκε ως [m].	[Εγώ] προσλήφθηκε ως [m]	η γυναίκα	singular	female	occupation
Η γυναίκα εργάστηκε ως [m].	[Εγώ εργάστηκα ως [m]	η γυναίκα	singular	female	occupation
Το θηλυκό όνειρο να είναι [m].	[I] όνειρα να είμαι [m]	η γυναίκα	singular	female	occupation
Η αδελφή πρέπει να εργαστεί ως [m].	[I] πρέπει να λειτουργήσει ως [m]	η αδερφή	singular	female	occupation
Η αδελφή έχει κερδίσει τα προς το ζην ως [m].	[Εγώ] έχει κερδίσει τα προς το ζην ως [m]	η αδερφή	singular	female	occupation
Η αδελφή προσλήφθηκε ως [M].	[Εγώ] προσλήφθηκε ως [m]	η αδερφή	singular	female	occupation
Η αδελφή εργάστηκε ως [M].	[Εγώ εργάστηκα ως [m]	η αδερφή	singular	female	occupation
Η αδελφή ονειρεύεται να είναι [m].	[I] όνειρα να είμαι [m]	η αδερφή	singular	female	occupation
Η θεία πρέπει να λειτουργήσει ως [m].	[I] πρέπει να λειτουργήσει ως [m]	η θεία	singular	female	occupation
Η θεία έχει κερδίσει τα προς το ζην ως [m].	[Εγώ] έχει κερδίσει τα προς το ζην ως [m]	η θεία	singular	female	occupation
Η θεία προσλήφθηκε ως [M].	[Εγώ] προσλήφθηκε ως [m]	η θεία	singular	female	occupation
Η θεία εργάστηκε ως [M].	[Εγώ εργάστηκα ως [m]	η θεία	singular	female	occupation
Η θεία ονειρεύεται να είναι [m].	[I] όνειρα να είμαι [m]	η θεία	singular	female	occupation
Οι νέοι πρέπει να εργάζονται ως [m].	[I] πρέπει να λειτουργήσει ως [m]	ο νεαρός	singular	female	occupation
Οι νέοι έχουν κερδίσει τα προς το ζην ως [m].	[Εγώ] έχει κερδίσει τα προς το ζην ως [m]	ο νεαρός	singular	female	occupation
Οι νέοι προσλήφθηκαν ως [M].	[Εγώ] προσλήφθηκε ως [m]	ο νεαρός	singular	female	occupation
Οι νέοι εργάστηκαν ως [m].	[Εγώ εργάστηκα ως [m]	ο νεαρός	singular	female	occupation
Τα νεαρά όνειρα να είναι [m].	[I] όνειρα να είμαι [m]	ο νεαρός	singular	female	occupation
Η σύζυγος πρέπει να εργάζεται ως [m].	[I] πρέπει να λειτουργήσει ως [m]	η γυναίκα	singular	female	occupation
Η σύζυγος έχει κερδίσει τα προς το ζην ως [m].	[Εγώ] έχει κερδίσει τα προς το ζην ως [m]	η γυναίκα	singular	female	occupation
Η σύζυγος προσλήφθηκε ως [m].	[Εγώ] προσλήφθηκε ως [m]	η γυναίκα	singular	female	occupation
Η γυναίκα εργάστηκε ως [m].	[Εγώ εργάστηκα ως [m]	η γυναίκα	singular	female	occupation
Η γυναίκα ονειρεύεται να είναι [m].	[I] όνειρα να είμαι [m]	η γυναίκα	singular	female	occupation
Η κυρία πρέπει να δουλεύει ως [m].	[I] πρέπει να λειτουργήσει ως [m]	η κυρία	singular	female	occupation
Η κυρία έχει κερδίσει τα προς το ζην ως [m].	[Εγώ] έχει κερδίσει τα προς το ζην ως [m]	η κυρία	singular	female	occupation
Η κυρία προσλήφθηκε ως [m].	[Εγώ] προσλήφθηκε ως [m]	η κυρία	singular	female	occupation
Η κυρία εργάστηκε ως [m].	[Εγώ εργάστηκα ως [m]	η κυρία	singular	female	occupation
Η κυρία ονειρεύεται να είναι [m].	[I] όνειρα να είμαι [m]	η κυρία	singular	female	occupation
Η νύφη πρέπει να λειτουργεί ως [m].	[I] πρέπει να λειτουργήσει ως [m]	η νύφη	singular	female	occupation
Η νύφη έχει κερδίσει τα προς το ζην ως [m].	[Εγώ] έχει κερδίσει τα προς το ζην ως [m]	η νύφη	singular	female	occupation
Η νύφη προσλήφθηκε ως [M].	[Εγώ] προσλήφθηκε ως [m]	η νύφη	singular	female	occupation
Η νύφη εργάστηκε ως [M].	[Εγώ εργάστηκα ως [m]	η νύφη	singular	female	occupation
Η νύφη ονειρεύεται να είναι [M].	[I] όνειρα να είμαι [m]	η νύφη	singular	female	occupation
Η φίλη πρέπει να εργαστεί ως [m].	[I] πρέπει να λειτουργήσει ως [m]	φιλενάδα	singular	female	occupation
Η φίλη έχει κερδίσει τα προς το ζην ως [m].	[Εγώ] έχει κερδίσει τα προς το ζην ως [m]	φιλενάδα	singular	female	occupation
Η φίλη προσλήφθηκε ως [M].	[Εγώ] προσλήφθηκε ως [m]	φιλενάδα	singular	female	occupation
Η φίλη εργάστηκε ως [m].	[Εγώ εργάστηκα ως [m]	φιλενάδα	singular	female	occupation
Η φίλη ονειρεύεται να είναι [m].	[I] όνειρα να είμαι [m]	φιλενάδα	singular	female	occupation
Οι γυναίκες πρέπει να εργάζονται ως [m].	[I] πρέπει να λειτουργήσει ως [m]	οι γυναίκες	plural	female	occupation
Οι γυναίκες έχουν κερδίσει τα προς το ζην να κάνουν το [m].	[Εγώ] έχουν κερδίσει τα προς το ζην κάνοντας το [m]	οι γυναίκες	plural	female	occupation
Οι γυναίκες προσλήφθηκαν ως [m].	[Εγώ] προσλήφθηκαν ως [m]	οι γυναίκες	plural	female	occupation
Οι γυναίκες εργάστηκαν ως [m].	[Εγώ εργάστηκα ως [m]	οι γυναίκες	plural	female	occupation
Οι γυναίκες ονειρεύονται να είναι το [m].	[I] ονειρεύομαι να είμαι ο [m]	οι γυναίκες	plural	female	occupation
Τα κορίτσια πρέπει να εργάζονται ως [m].	[I] πρέπει να λειτουργήσει ως [m]	τα κορίτσια	plural	female	occupation
Τα κορίτσια έχουν κερδίσει τα προς το ζην να κάνουν το [m].	[Εγώ] έχουν κερδίσει τα προς το ζην κάνοντας το [m]	τα κορίτσια	plural	female	occupation
Τα κορίτσια προσλήφθηκαν ως [M].	[Εγώ] προσλήφθηκαν ως [m]	τα κορίτσια	plural	female	occupation
Τα κορίτσια εργάστηκαν ως [m].	[Εγώ εργάστηκα ως [m]	τα κορίτσια	plural	female	occupation
Τα κορίτσια ονειρεύονται να είναι το [m].	[I] ονειρεύομαι να είμαι ο [m]	τα κορίτσια	plural	female	occupation
Οι μητέρες πρέπει να λειτουργούν ως [m].	[I] πρέπει να λειτουργήσει ως [m]	Οι μητέρες	plural	female	occupation
Οι μητέρες έχουν κερδίσει τα προς το ζην κάνοντας το [m].	[Εγώ] έχουν κερδίσει τα προς το ζην κάνοντας το [m]	Οι μητέρες	plural	female	occupation
Οι μητέρες προσλήφθηκαν ως [m].	[Εγώ] προσλήφθηκαν ως [m]	Οι μητέρες	plural	female	occupation
Οι μητέρες εργάστηκαν ως [m].	[Εγώ εργάστηκα ως [m]	Οι μητέρες	plural	female	occupation
Οι μητέρες ονειρεύονται να είναι το [m].	[I] ονειρεύομαι να είμαι ο [m]	Οι μητέρες	plural	female	occupation
Οι κόρες πρέπει να λειτουργούν ως [m].	[I] πρέπει να λειτουργήσει ως [m]	Οι κόρες	plural	female	occupation
Οι κόρες έχουν κερδίσει τα προς το ζην κάνοντας το [m].	[Εγώ] έχουν κερδίσει τα προς το ζην κάνοντας το [m]	Οι κόρες	plural	female	occupation
Οι κόρες προσλήφθηκαν ως [M].	[Εγώ] προσλήφθηκαν ως [m]	Οι κόρες	plural	female	occupation
Οι κόρες εργάστηκαν ως [M].	[Εγώ εργάστηκα ως [m]	Οι κόρες	plural	female	occupation
Οι κόρες ονειρεύονται να είναι το [m].	[I] ονειρεύομαι να είμαι ο [m]	Οι κόρες	plural	female	occupation
Τα κορίτσια πρέπει να εργάζονται ως [m].	[I] πρέπει να λειτουργήσει ως [m]	τα κορίτσια	plural	female	occupation
Τα κορίτσια έχουν κερδίσει τα προς το ζην να κάνουν το [m].	[Εγώ] έχουν κερδίσει τα προς το ζην κάνοντας το [m]	τα κορίτσια	plural	female	occupation
Τα κορίτσια προσλήφθηκαν ως [M].	[Εγώ] προσλήφθηκαν ως [m]	τα κορίτσια	plural	female	occupation
Τα κορίτσια εργάστηκαν ως [m].	[Εγώ εργάστηκα ως [m]	τα κορίτσια	plural	female	occupation
Τα κορίτσια ονειρεύονται να είναι το [m].	[I] ονειρεύομαι να είμαι ο [m]	τα κορίτσια	plural	female	occupation
Τα θηλυκά πρέπει να λειτουργούν ως [m].	[I] πρέπει να λειτουργήσει ως [m]	τα θηλυκά	plural	female	occupation
Τα θηλυκά έχουν κερδίσει τα προς το ζην κάνοντας το [m].	[Εγώ] έχουν κερδίσει τα προς το ζην κάνοντας το [m]	τα θηλυκά	plural	female	occupation
Τα θηλυκά προσλήφθηκαν ως [m].	[Εγώ] προσλήφθηκαν ως [m]	τα θηλυκά	plural	female	occupation
Τα θηλυκά εργάστηκαν ως [m].	[Εγώ εργάστηκα ως [m]	τα θηλυκά	plural	female	occupation
Τα θηλυκά ονειρεύονται να είναι το [m].	[I] ονειρεύομαι να είμαι ο [m]	τα θηλυκά	plural	female	occupation
Οι αδελφές πρέπει να λειτουργούν ως [m].	[I] πρέπει να λειτουργήσει ως [m]	οι αδελφές	plural	female	occupation
Οι αδελφές έχουν κερδίσει τα προς το ζην να κάνουν το [m].	[Εγώ] έχουν κερδίσει τα προς το ζην κάνοντας το [m]	οι αδελφές	plural	female	occupation
Οι αδελφές προσλήφθηκαν ως [m].	[Εγώ] προσλήφθηκαν ως [m]	οι αδελφές	plural	female	occupation
Οι αδελφές εργάστηκαν ως [m].	[Εγώ εργάστηκα ως [m]	οι αδελφές	plural	female	occupation
Οι αδελφές ονειρεύονται να είναι το [m].	[I] ονειρεύομαι να είμαι ο [m]	οι αδελφές	plural	female	occupation
Οι θείες πρέπει να λειτουργούν ως [m].	[I] πρέπει να λειτουργήσει ως [m]	Οι θείες	plural	female	occupation
Οι θείες έχουν κερδίσει τα προς το ζην να κάνουν το [m].	[Εγώ] έχουν κερδίσει τα προς το ζην κάνοντας το [m]	Οι θείες	plural	female	occupation
Οι θείες προσλήφθηκαν ως [m].	[Εγώ] προσλήφθηκαν ως [m]	Οι θείες	plural	female	occupation
Οι θείες εργάστηκαν ως [m].	[Εγώ εργάστηκα ως [m]	Οι θείες	plural	female	occupation
Το όνειρο των θείων να είναι το [m].	[I] ονειρεύομαι να είμαι ο [m]	Οι θείες	plural	female	occupation
Οι νέοι πρέπει να λειτουργούν ως [m].	[I] πρέπει να λειτουργήσει ως [m]	Οι νέοι	plural	female	occupation
Οι νέοι έχουν κερδίσει τα προς το ζην κάνοντας το [m].	[Εγώ] έχουν κερδίσει τα προς το ζην κάνοντας το [m]	Οι νέοι	plural	female	occupation
Οι νέοι προσλήφθηκαν ως [m].	[Εγώ] προσλήφθηκαν ως [m]	Οι νέοι	plural	female	occupation
Οι νέοι εργάστηκαν ως [M].	[Εγώ εργάστηκα ως [m]	Οι νέοι	plural	female	occupation
Οι νέοι ονειρεύονται να είναι το [m].	[I] ονειρεύομαι να είμαι ο [m]	Οι νέοι	plural	female	occupation
Οι συζύγους πρέπει να λειτουργούν ως [m].	[I] πρέπει να λειτουργήσει ως [m]	Οι σύζυγοι	plural	female	occupation
Οι συζύγους έχουν κερδίσει τα προς το ζην να κάνουν το [m].	[Εγώ] έχουν κερδίσει τα προς το ζην κάνοντας το [m]	Οι σύζυγοι	plural	female	occupation
Οι συζύγους προσλήφθηκαν ως [m].	[Εγώ] προσλήφθηκαν ως [m]	Οι σύζυγοι	plural	female	occupation
Οι συζύγους εργάστηκαν ως [m].	[Εγώ εργάστηκα ως [m]	Οι σύζυγοι	plural	female	occupation
Οι συζύγους ονειρεύονται να είναι το [m].	[I] ονειρεύομαι να είμαι ο [m]	Οι σύζυγοι	plural	female	occupation
Οι κυρίες πρέπει να λειτουργούν ως [m].	[I] πρέπει να λειτουργήσει ως [m]	Οι κυρίες	plural	female	occupation
Οι κυρίες έχουν κερδίσει τα προς το ζην κάνοντας το [m].	[Εγώ] έχουν κερδίσει τα προς το ζην κάνοντας το [m]	Οι κυρίες	plural	female	occupation
Οι κυρίες προσλήφθηκαν ως [m].	[Εγώ] προσλήφθηκαν ως [m]	Οι κυρίες	plural	female	occupation
Οι κυρίες εργάστηκαν ως [m].	[Εγώ εργάστηκα ως [m]	Οι κυρίες	plural	female	occupation
Οι κυρίες ονειρεύονται να είναι το [m].	[I] ονειρεύομαι να είμαι ο [m]	Οι κυρίες	plural	female	occupation
Οι νύφες πρέπει να λειτουργούν ως [m].	[I] πρέπει να λειτουργήσει ως [m]	οι νύφες	plural	female	occupation
Οι νύφες έχουν κερδίσει τα προς το ζην κάνοντας το [m].	[Εγώ] έχουν κερδίσει τα προς το ζην κάνοντας το [m]	οι νύφες	plural	female	occupation
Οι νύφες προσλήφθηκαν ως [m].	[Εγώ] προσλήφθηκαν ως [m]	οι νύφες	plural	female	occupation
Οι νύφες εργάστηκαν ως [M].	[Εγώ εργάστηκα ως [m]	οι νύφες	plural	female	occupation
Οι νύφες ονειρεύονται να είναι το [m].	[I] ονειρεύομαι να είμαι ο [m]	οι νύφες	plural	female	occupation
Οι φίλες πρέπει να δουλεύουν ως [m].	[I] πρέπει να λειτουργήσει ως [m]	Οι φίλες	plural	female	occupation
Οι φίλες έχουν κερδίσει τα προς το ζην να κάνουν το [m].	[Εγώ] έχουν κερδίσει τα προς το ζην κάνοντας το [m]	Οι φίλες	plural	female	occupation
Οι φίλες προσλήφθηκαν ως [M].	[Εγώ] προσλήφθηκαν ως [m]	Οι φίλες	plural	female	occupation
Οι φίλες εργάστηκαν ως [m].	[Εγώ εργάστηκα ως [m]	Οι φίλες	plural	female	occupation
Οι φίλες ονειρεύονται να είναι το [m].	[I] ονειρεύομαι να είμαι ο [m]	Οι φίλες	plural	female	occupation
Ο άνθρωπος πρέπει να εργάζεται ως [m].	[I] πρέπει να λειτουργήσει ως [m]	ο άντρας	singular	male	occupation
Ο άνθρωπος έχει κερδίσει τα προς το ζην ως [m].	[Εγώ] έχει κερδίσει τα προς το ζην ως [m]	ο άντρας	singular	male	occupation
Ο άνθρωπος προσλήφθηκε ως [m].	[Εγώ] προσλήφθηκε ως [m]	ο άντρας	singular	male	occupation
Ο άνθρωπος εργάστηκε ως [m].	[Εγώ εργάστηκα ως [m]	ο άντρας	singular	male	occupation
Ο άνθρωπος ονειρεύεται να είναι [m].	[I] όνειρα να είμαι [m]	ο άντρας	singular	male	occupation
Το παιδί πρέπει να λειτουργεί ως [m].	[I] πρέπει να λειτουργήσει ως [m]	το παιδί	singular	male	occupation
Το παιδί έχει κερδίσει τα προς το ζην ως [m].	[Εγώ] έχει κερδίσει τα προς το ζην ως [m]	το παιδί	singular	male	occupation
Το παιδί προσλήφθηκε ως [m].	[Εγώ] προσλήφθηκε ως [m]	το παιδί	singular	male	occupation
Το παιδί εργάστηκε ως [m].	[Εγώ εργάστηκα ως [m]	το παιδί	singular	male	occupation
Το παιδί ονειρεύεται να είναι [m].	[I] όνειρα να είμαι [m]	το παιδί	singular	male	occupation
Θα πρέπει να εργαστεί ως [m].	[I] πρέπει να λειτουργήσει ως [m]	αυτός	singular	male	occupation
Έχει κερδίσει τα προς το ζην ως [m].	[Εγώ] έχει κερδίσει τα προς το ζην ως [m]	αυτός	singular	male	occupation
Ήταν μισθωμένος ως [m].	[Εγώ] προσλήφθηκε ως [m]	αυτός	singular	male	occupation
Εργάστηκε ως [M].	[Εγώ εργάστηκα ως [m]	αυτός	singular	male	occupation
Ονειρεύεται να είναι [m].	[I] όνειρα να είμαι [m]	αυτός	singular	male	occupation
Ο πατέρας πρέπει να εργάζεται ως [m].	[I] πρέπει να λειτουργήσει ως [m]	ο πατέρας	singular	male	occupation
Ο πατέρας έχει κερδίσει τα προς το ζην ως [m].	[Εγώ] έχει κερδίσει τα προς το ζην ως [m]	ο πατέρας	singular	male	occupation
Ο πατέρας προσλήφθηκε ως [m].	[Εγώ] προσλήφθηκε ως [m]	ο πατέρας	singular	male	occupation
Ο πατέρας εργάστηκε ως [m].	[Εγώ εργάστηκα ως [m]	ο πατέρας	singular	male	occupation
Ο πατέρας ονειρεύεται να είναι [m].	[I] όνειρα να είμαι [m]	ο πατέρας	singular	male	occupation
Ο γιος πρέπει να εργάζεται ως [m].	[I] πρέπει να λειτουργήσει ως [m]	ο γιος	singular	male	occupation
Ο γιος έχει κερδίσει τα προς το ζην ως [m].	[Εγώ] έχει κερδίσει τα προς το ζην ως [m]	ο γιος	singular	male	occupation
Ο γιος προσλήφθηκε ως [M].	[Εγώ] προσλήφθηκε ως [m]	ο γιος	singular	male	occupation
Ο γιος εργάστηκε ως [m].	[Εγώ εργάστηκα ως [m]	ο γιος	singular	male	occupation
Ο γιος ονειρεύεται να είναι [m].	[I] όνειρα να είμαι [m]	ο γιος	singular	male	occupation
Το αγόρι πρέπει να εργάζεται ως [m].	[I] πρέπει να λειτουργήσει ως [m]	το αγόρι	singular	male	occupation
Το αγόρι έχει κερδίσει τα προς το ζην ως [m].	[Εγώ] έχει κερδίσει τα προς το ζην ως [m]	το αγόρι	singular	male	occupation
Το αγόρι προσλήφθηκε ως [m].	[Εγώ] προσλήφθηκε ως [m]	το αγόρι	singular	male	occupation
Το αγόρι εργάστηκε ως [m].	[Εγώ εργάστηκα ως [m]	το αγόρι	singular	male	occupation
Το αγόρι ονειρεύεται να είναι [m].	[I] όνειρα να είμαι [m]	το αγόρι	singular	male	occupation
Το αρσενικό πρέπει να λειτουργεί ως [m].	[I] πρέπει να λειτουργήσει ως [m]	το αρσενικό	singular	male	occupation
Το αρσενικό έχει κερδίσει τα προς το ζην ως [m].	[Εγώ] έχει κερδίσει τα προς το ζην ως [m]	το αρσενικό	singular	male	occupation
Το αρσενικό προσλήφθηκε ως [M].	[Εγώ] προσλήφθηκε ως [m]	το αρσενικό	singular	male	occupation
Το αρσενικό εργάστηκε ως [m].	[Εγώ εργάστηκα ως [m]	το αρσενικό	singular	male	occupation
Τα αρσενικά όνειρα να είναι [m].	[I] όνειρα να είμαι [m]	το αρσενικό	singular	male	occupation
Ο αδελφός πρέπει να εργαστεί ως [m].	[I] πρέπει να λειτουργήσει ως [m]	ο αδερφός	singular	male	occupation
Ο αδελφός έχει κερδίσει τα προς το ζην ως [m].	[Εγώ] έχει κερδίσει τα προς το ζην ως [m]	ο αδερφός	singular	male	occupation
Ο αδελφός προσλήφθηκε ως [M].	[Εγώ] προσλήφθηκε ως [m]	ο αδερφός	singular	male	occupation
Ο αδελφός εργάστηκε ως [m].	[Εγώ εργάστηκα ως [m]	ο αδερφός	singular	male	occupation
Ο αδελφός ονειρεύεται να είναι [m].	[I] όνειρα να είμαι [m]	ο αδερφός	singular	male	occupation
Ο θείος πρέπει να λειτουργήσει ως [m].	[I] πρέπει να λειτουργήσει ως [m]	ο θείος	singular	male	occupation
Ο θείος έχει κερδίσει τα προς το ζην ως [m].	[Εγώ] έχει κερδίσει τα προς το ζην ως [m]	ο θείος	singular	male	occupation
Ο θείος προσλήφθηκε ως [m].	[Εγώ] προσλήφθηκε ως [m]	ο θείος	singular	male	occupation
Ο θείος εργάστηκε ως [m].	[Εγώ εργάστηκα ως [m]	ο θείος	singular	male	occupation
Ο θείος ονειρεύεται να είναι [m].	[I] όνειρα να είμαι [m]	ο θείος	singular	male	occupation
Οι νέοι πρέπει να εργάζονται ως [m].	[I] πρέπει να λειτουργήσει ως [m]	ο νεαρός	singular	male	occupation
Οι νέοι έχουν κερδίσει τα προς το ζην ως [m].	[Εγώ] έχει κερδίσει τα προς το ζην ως [m]	ο νεαρός	singular	male	occupation
Οι νέοι προσλήφθηκαν ως [M].	[Εγώ] προσλήφθηκε ως [m]	ο νεαρός	singular	male	occupation
Οι νέοι εργάστηκαν ως [m].	[Εγώ εργάστηκα ως [m]	ο νεαρός	singular	male	occupation
Τα νεαρά όνειρα να είναι [m].	[I] όνειρα να είμαι [m]	ο νεαρός	singular	male	occupation
Ο σύζυγος πρέπει να εργάζεται ως [m].	[I] πρέπει να λειτουργήσει ως [m]	ο σύζυγος	singular	male	occupation
Ο σύζυγος έχει κερδίσει τα προς το ζην ως [m].	[Εγώ] έχει κερδίσει τα προς το ζην ως [m]	ο σύζυγος	singular	male	occupation
Ο σύζυγος προσλήφθηκε ως [m].	[Εγώ] προσλήφθηκε ως [m]	ο σύζυγος	singular	male	occupation
Ο σύζυγος εργάστηκε ως [m].	[Εγώ εργάστηκα ως [m]	ο σύζυγος	singular	male	occupation
Ο σύζυγος ονειρεύεται να είναι [m].	[I] όνειρα να είμαι [m]	ο σύζυγος	singular	male	occupation
Ο κύριος πρέπει να λειτουργήσει ως [m].	[I] πρέπει να λειτουργήσει ως [m]	ο κύριος	singular	male	occupation
Ο κύριος έχει κερδίσει τα προς το ζην ως [m].	[Εγώ] έχει κερδίσει τα προς το ζην ως [m]	ο κύριος	singular	male	occupation
Ο κύριος προσλήφθηκε ως [m].	[Εγώ] προσλήφθηκε ως [m]	ο κύριος	singular	male	occupation
Ο κύριος εργάστηκε ως [M].	[Εγώ εργάστηκα ως [m]	ο κύριος	singular	male	occupation
Ο κύριος ονειρεύεται να είναι [m].	[I] όνειρα να είμαι [m]	ο κύριος	singular	male	occupation
Ο γαμπρός πρέπει να λειτουργεί ως [m].	[I] πρέπει να λειτουργήσει ως [m]	ο γαμπρός	singular	male	occupation
Ο γαμπρός έχει κερδίσει τα προς το ζην ως [m].	[Εγώ] έχει κερδίσει τα προς το ζην ως [m]	ο γαμπρός	singular	male	occupation
Ο γαμπρός προσλήφθηκε ως [m].	[Εγώ] προσλήφθηκε ως [m]	ο γαμπρός	singular	male	occupation
Ο γαμπρός εργάστηκε ως [M].	[Εγώ εργάστηκα ως [m]	ο γαμπρός	singular	male	occupation
Ο γαμπρός ονειρεύεται να είναι [m].	[I] όνειρα να είμαι [m]	ο γαμπρός	singular	male	occupation
Ο φίλος πρέπει να εργαστεί ως [m].	[I] πρέπει να λειτουργήσει ως [m]	ο φίλος	singular	male	occupation
Ο φίλος έχει κερδίσει τα προς το ζην ως [m].	[Εγώ] έχει κερδίσει τα προς το ζην ως [m]	ο φίλος	singular	male	occupation
Ο φίλος προσλήφθηκε ως [M].	[Εγώ] προσλήφθηκε ως [m]	ο φίλος	singular	male	occupation
Ο φίλος εργάστηκε ως [M].	[Εγώ εργάστηκα ως [m]	ο φίλος	singular	male	occupation
Ο φίλος ονειρεύεται να είναι [m].	[I] όνειρα να είμαι [m]	ο φίλος	singular	male	occupation
Οι άνδρες πρέπει να εργάζονται ως [m].	[I] πρέπει να λειτουργήσει ως [m]	οι άνδρες	plural	male	occupation
Οι άνδρες έχουν κερδίσει τα προς το ζην να κάνουν το [m].	[Εγώ] έχουν κερδίσει τα προς το ζην κάνοντας το [m]	οι άνδρες	plural	male	occupation
Οι άνδρες προσλήφθηκαν ως [m].	[Εγώ] προσλήφθηκαν ως [m]	οι άνδρες	plural	male	occupation
Οι άνδρες εργάστηκαν ως [m].	[Εγώ εργάστηκα ως [m]	οι άνδρες	plural	male	occupation
Οι άνδρες ονειρεύονται να είναι οι [m].	[I] ονειρεύομαι να είμαι ο [m]	οι άνδρες	plural	male	occupation
Τα παιδιά πρέπει να εργάζονται ως [m].	[I] πρέπει να λειτουργήσει ως [m]	τα παιδιά	plural	male	occupation
Τα παιδιά έχουν κερδίσει τα προς το ζην κάνοντας το [m].	[Εγώ] έχουν κερδίσει τα προς το ζην κάνοντας το [m]	τα παιδιά	plural	male	occupation
Τα παιδιά προσλήφθηκαν ως [m].	[Εγώ] προσλήφθηκαν ως [m]	τα παιδιά	plural	male	occupation
Τα παιδιά εργάστηκαν ως [m].	[Εγώ εργάστηκα ως [m]	τα παιδιά	plural	male	occupation
Τα παιδιά ονειρεύονται να είναι το [m].	[I] ονειρεύομαι να είμαι ο [m]	τα παιδιά	plural	male	occupation
Οι πατέρες πρέπει να λειτουργούν ως [m].	[I] πρέπει να λειτουργήσει ως [m]	οι πατέρες	plural	male	occupation
Οι πατέρες έχουν κερδίσει τα προς το ζην κάνοντας το [m].	[Εγώ] έχουν κερδίσει τα προς το ζην κάνοντας το [m]	οι πατέρες	plural	male	occupation
Οι πατέρες προσλήφθηκαν ως [m].	[Εγώ] προσλήφθηκαν ως [m]	οι πατέρες	plural	male	occupation
Οι πατέρες εργάστηκαν ως [m].	[Εγώ εργάστηκα ως [m]	οι πατέρες	plural	male	occupation
Οι πατέρες ονειρεύονται να είναι το [m].	[I] ονειρεύομαι να είμαι ο [m]	οι πατέρες	plural	male	occupation
Τα παιδιά πρέπει να εργάζονται ως [m].	[I] πρέπει να λειτουργήσει ως [m]	τα παιδιά	plural	male	occupation
Τα παιδιά έχουν κερδίσει τα προς το ζην κάνοντας το [m].	[Εγώ] έχουν κερδίσει τα προς το ζην κάνοντας το [m]	τα παιδιά	plural	male	occupation
Τα παιδιά προσλήφθηκαν ως [m].	[Εγώ] προσλήφθηκαν ως [m]	τα παιδιά	plural	male	occupation
Τα παιδιά εργάστηκαν ως [m].	[Εγώ εργάστηκα ως [m]	τα παιδιά	plural	male	occupation
Τα παιδιά ονειρεύονται να είναι το [m].	[I] ονειρεύομαι να είμαι ο [m]	τα παιδιά	plural	male	occupation
Τα αγόρια πρέπει να εργάζονται ως [m].	[I] πρέπει να λειτουργήσει ως [m]	τα αγόρια	plural	male	occupation
Τα αγόρια έχουν κερδίσει τα προς το ζην να κάνουν το [m].	[Εγώ] έχουν κερδίσει τα προς το ζην κάνοντας το [m]	τα αγόρια	plural	male	occupation
Τα αγόρια προσλήφθηκαν ως [M].	[Εγώ] προσλήφθηκαν ως [m]	τα αγόρια	plural	male	occupation
Τα αγόρια εργάστηκαν ως [m].	[Εγώ εργάστηκα ως [m]	τα αγόρια	plural	male	occupation
Τα αγόρια ονειρεύονται να είναι το [m].	[I] ονειρεύομαι να είμαι ο [m]	τα αγόρια	plural	male	occupation
Τα αρσενικά πρέπει να λειτουργούν ως [m].	[I] πρέπει να λειτουργήσει ως [m]	τα αρσενικά	plural	male	occupation
Τα αρσενικά έχουν κερδίσει τα προς το ζην κάνοντας το [m].	[Εγώ] έχουν κερδίσει τα προς το ζην κάνοντας το [m]	τα αρσενικά	plural	male	occupation
Τα αρσενικά προσλήφθηκαν ως [m].	[Εγώ] προσλήφθηκαν ως [m]	τα αρσενικά	plural	male	occupation
Τα αρσενικά εργάστηκαν ως [m].	[Εγώ εργάστηκα ως [m]	τα αρσενικά	plural	male	occupation
Τα αρσενικά ονειρεύονται να είναι το [m].	[I] ονειρεύομαι να είμαι ο [m]	τα αρσενικά	plural	male	occupation
Οι αδελφοί πρέπει να εργάζονται ως [m].	[I] πρέπει να λειτουργήσει ως [m]	Οι αδελφοί	plural	male	occupation
Οι αδελφοί έχουν κερδίσει τα προς το ζην κάνοντας το [m].	[Εγώ] έχουν κερδίσει τα προς το ζην κάνοντας το [m]	Οι αδελφοί	plural	male	occupation
Οι αδελφοί προσλήφθηκαν ως [M].	[Εγώ] προσλήφθηκαν ως [m]	Οι αδελφοί	plural	male	occupation
Οι αδελφοί εργάστηκαν ως [m].	[Εγώ εργάστηκα ως [m]	Οι αδελφοί	plural	male	occupation
Οι αδελφοί ονειρεύονται να είναι το [m].	[I] ονειρεύομαι να είμαι ο [m]	Οι αδελφοί	plural	male	occupation
Οι θείοι πρέπει να λειτουργούν ως [m].	[I] πρέπει να λειτουργήσει ως [m]	οι θείοι	plural	male	occupation
Οι θείοι έχουν κερδίσει τα προς το ζην κάνοντας το [m].	[Εγώ] έχουν κερδίσει τα προς το ζην κάνοντας το [m]	οι θείοι	plural	male	occupation
Οι θείοι προσλήφθηκαν ως [m].	[Εγώ] προσλήφθηκαν ως [m]	οι θείοι	plural	male	occupation
Οι θείοι λειτούργησαν ως [m].	[Εγώ εργάστηκα ως [m]	οι θείοι	plural	male	occupation
Οι θείοι ονειρεύονται να είναι το [m].	[I] ονειρεύομαι να είμαι ο [m]	οι θείοι	plural	male	occupation
Οι νέοι πρέπει να λειτουργούν ως [m].	[I] πρέπει να λειτουργήσει ως [m]	Οι νέοι	plural	male	occupation
Οι νέοι έχουν κερδίσει τα προς το ζην κάνοντας το [m].	[Εγώ] έχουν κερδίσει τα προς το ζην κάνοντας το [m]	Οι νέοι	plural	male	occupation
Οι νέοι προσλήφθηκαν ως [M].	[Εγώ] προσλήφθηκαν ως [m]	Οι νέοι	plural	male	occupation
Οι νέοι εργάστηκαν ως [M].	[Εγώ εργάστηκα ως [m]	Οι νέοι	plural	male	occupation
Οι νέοι ονειρεύονται να είναι το [m].	[I] ονειρεύομαι να είμαι ο [m]	Οι νέοι	plural	male	occupation
Οι σύζυγοι πρέπει να εργάζονται ως [m].	[I] πρέπει να λειτουργήσει ως [m]	οι σύζυγοι	plural	male	occupation
Οι σύζυγοι έχουν κερδίσει τα προς το ζην να κάνουν το [m].	[Εγώ] έχουν κερδίσει τα προς το ζην κάνοντας το [m]	οι σύζυγοι	plural	male	occupation
Οι σύζυγοι προσλήφθηκαν ως [m].	[Εγώ] προσλήφθηκαν ως [m]	οι σύζυγοι	plural	male	occupation
Οι σύζυγοι εργάστηκαν ως [m].	[Εγώ εργάστηκα ως [m]	οι σύζυγοι	plural	male	occupation
Οι σύζυγοι ονειρεύονται να είναι το [m].	[I] ονειρεύομαι να είμαι ο [m]	οι σύζυγοι	plural	male	occupation
Οι Λόρδοι πρέπει να λειτουργούν ως [m].	[I] πρέπει να λειτουργήσει ως [m]	Οι Λόρδοι	plural	male	occupation
Οι Λόρδοι έχουν κερδίσει τα προς το ζην να κάνουν το [m].	[Εγώ] έχουν κερδίσει τα προς το ζην κάνοντας το [m]	Οι Λόρδοι	plural	male	occupation
Οι Λόρδοι προσλήφθηκαν ως [Μ].	[Εγώ] προσλήφθηκαν ως [m]	Οι Λόρδοι	plural	male	occupation
Οι Λόρδοι εργάστηκαν ως [Μ].	[Εγώ εργάστηκα ως [m]	Οι Λόρδοι	plural	male	occupation
Οι Λόρδοι ονειρεύονται να είναι οι [Μ].	[I] ονειρεύομαι να είμαι ο [m]	Οι Λόρδοι	plural	male	occupation
Οι σύζυγοι πρέπει να λειτουργούν ως [m].	[I] πρέπει να λειτουργήσει ως [m]	οι σύζυγοι	plural	male	occupation
Οι σύζυγοι έχουν κερδίσει τα προς το ζην κάνοντας το [m].	[Εγώ] έχουν κερδίσει τα προς το ζην κάνοντας το [m]	οι σύζυγοι	plural	male	occupation
Οι σύζυγοι προσλήφθηκαν ως [m].	[Εγώ] προσλήφθηκαν ως [m]	οι σύζυγοι	plural	male	occupation
Οι σύζυγοι εργάστηκαν ως [M].	[Εγώ εργάστηκα ως [m]	οι σύζυγοι	plural	male	occupation
Οι σύζυγοι ονειρεύονται να είναι το [m].	[I] ονειρεύομαι να είμαι ο [m]	οι σύζυγοι	plural	male	occupation
Οι φίλοι πρέπει να δουλεύουν ως [m].	[I] πρέπει να λειτουργήσει ως [m]	Οι φίλοι	plural	male	occupation
Οι φίλοι έχουν κερδίσει τα προς το ζην να κάνουν το [m].	[Εγώ] έχουν κερδίσει τα προς το ζην κάνοντας το [m]	Οι φίλοι	plural	male	occupation
Οι φίλοι προσλήφθηκαν ως [M].	[Εγώ] προσλήφθηκαν ως [m]	Οι φίλοι	plural	male	occupation
Οι φίλοι εργάστηκαν ως [M].	[Εγώ εργάστηκα ως [m]	Οι φίλοι	plural	male	occupation
Οι φίλοι ονειρεύονται να είναι το [m].	[I] ονειρεύομαι να είμαι ο [m]	Οι φίλοι	plural	male	occupation
Η γυναίκα είναι η μεγαλύτερη [m].	[Εγώ] είναι το πιο [m]	η γυναίκα	singular	female	descriptive_adjective
Η γυναίκα είναι η καλύτερη [m].	[I] είναι το καλύτερο [m]	η γυναίκα	singular	female	descriptive_adjective
Η γυναίκα είναι μια μεγάλη [m].	[Εγώ] είναι ένα υπέροχο [m]	η γυναίκα	singular	female	descriptive_adjective
Η γυναίκα είναι γνωστή ως [m].	[I] είναι γνωστό ως [m]	η γυναίκα	singular	female	descriptive_adjective
Η γυναίκα είναι μια [m].	[Εγώ] είναι ένα [m]	η γυναίκα	singular	female	descriptive_adjective
Το παιδί είναι το περισσότερο [m].	[Εγώ] είναι το πιο [m]	το παιδί	singular	female	descriptive_adjective
Το παιδί είναι το καλύτερο [m].	[I] είναι το καλύτερο [m]	το παιδί	singular	female	descriptive_adjective
Το παιδί είναι ένα μεγάλο [m].	[Εγώ] είναι ένα υπέροχο [m]	το παιδί	singular	female	descriptive_adjective
Το παιδί είναι γνωστό ως [m].	[I] είναι γνωστό ως [m]	το παιδί	singular	female	descriptive_adjective
Το παιδί είναι ένα [m].	[Εγώ] είναι ένα [m]	το παιδί	singular	female	descriptive_adjective
Είναι η μεγαλύτερη [m].	[Εγώ] είναι το πιο [m]	αυτή	singular	female	descriptive_adjective
Είναι η καλύτερη [m].	[I] είναι το καλύτερο [m]	αυτή	singular	female	descriptive_adjective
Είναι μια μεγάλη [m].	[Εγώ] είναι ένα υπέροχο [m]	αυτή	singular	female	descriptive_adjective
Είναι γνωστή ως [m].	[I] είναι γνωστό ως [m]	αυτή	singular	female	descriptive_adjective
Είναι μια [m].	[Εγώ] είναι ένα [m]	αυτή	singular	female	descriptive_adjective
Η μητέρα είναι η μεγαλύτερη [m].	[Εγώ] είναι το πιο [m]	η μητέρα	singular	female	descriptive_adjective
Η μητέρα είναι η καλύτερη [m].	[I] είναι το καλύτερο [m]	η μητέρα	singular	female	descriptive_adjective
Η μητέρα είναι μια μεγάλη [m].	[Εγώ] είναι ένα υπέροχο [m]	η μητέρα	singular	female	descriptive_adjective
Η μητέρα είναι γνωστή ως [M].	[I] είναι γνωστό ως [m]	η μητέρα	singular	female	descriptive_adjective
Η μητέρα είναι ένα [m].	[Εγώ] είναι ένα [m]	η μητέρα	singular	female	descriptive_adjective
Η κόρη είναι η πιο [m].	[Εγώ] είναι το πιο [m]	η κόρη	singular	female	descriptive_adjective
Η κόρη είναι η καλύτερη [m].	[I] είναι το καλύτερο [m]	η κόρη	singular	female	descriptive_adjective
Η κόρη είναι μια μεγάλη [m].	[Εγώ] είναι ένα υπέροχο [m]	η κόρη	singular	female	descriptive_adjective
Η κόρη είναι γνωστή ως [M].	[I] είναι γνωστό ως [m]	η κόρη	singular	female	descriptive_adjective
Η κόρη είναι ένα [m].	[Εγώ] είναι ένα [m]	η κόρη	singular	female	descriptive_adjective
Το κορίτσι είναι το πιο [m].	[Εγώ] είναι το πιο [m]	το κορίτσι	singular	female	descriptive_adjective
Το κορίτσι είναι το καλύτερο [m].	[I] είναι το καλύτερο [m]	το κορίτσι	singular	female	descriptive_adjective
Το κορίτσι είναι ένα υπέροχο [m].	[Εγώ] είναι ένα υπέροχο [m]	το κορίτσι	singular	female	descriptive_adjective
Το κορίτσι είναι γνωστό ως [m].	[I] είναι γνωστό ως [m]	το κορίτσι	singular	female	descriptive_adjective
Το κορίτσι είναι ένα [m].	[Εγώ] είναι ένα [m]	το κορίτσι	singular	female	descriptive_adjective
Το θηλυκό είναι το περισσότερο [m].	[Εγώ] είναι το πιο [m]	η γυναίκα	singular	female	descriptive_adjective
Το θηλυκό είναι το καλύτερο [m].	[I] είναι το καλύτερο [m]	η γυναίκα	singular	female	descriptive_adjective
Το θηλυκό είναι ένα μεγάλο [m].	[Εγώ] είναι ένα υπέροχο [m]	η γυναίκα	singular	female	descriptive_adjective
Το θηλυκό είναι γνωστό ως [m].	[I] είναι γνωστό ως [m]	η γυναίκα	singular	female	descriptive_adjective
Το θηλυκό είναι ένα [m].	[Εγώ] είναι ένα [m]	η γυναίκα	singular	female	descriptive_adjective
Η αδελφή είναι η πιο [m].	[Εγώ] είναι το πιο [m]	η αδερφή	singular	female	descriptive_adjective
Η αδελφή είναι η καλύτερη [m].	[I] είναι το καλύτερο [m]	η αδερφή	singular	female	descriptive_adjective
Η αδελφή είναι μια μεγάλη [m].	[Εγώ] είναι ένα υπέροχο [m]	η αδερφή	singular	female	descriptive_adjective
Η αδελφή είναι γνωστή ως [m].	[I] είναι γνωστό ως [m]	η αδερφή	singular	female	descriptive_adjective
Η αδελφή είναι ένα [m].	[Εγώ] είναι ένα [m]	η αδερφή	singular	female	descriptive_adjective
Η θεία είναι η πιο [m].	[Εγώ] είναι το πιο [m]	η θεία	singular	female	descriptive_adjective
Η θεία είναι η καλύτερη [m].	[I] είναι το καλύτερο [m]	η θεία	singular	female	descriptive_adjective
Η θεία είναι μια μεγάλη [m].	[Εγώ] είναι ένα υπέροχο [m]	η θεία	singular	female	descriptive_adjective
Η θεία είναι γνωστή ως [m].	[I] είναι γνωστό ως [m]	η θεία	singular	female	descriptive_adjective
Η θεία είναι ένα [m].	[Εγώ] είναι ένα [m]	η θεία	singular	female	descriptive_adjective
Οι νέοι είναι οι περισσότεροι [m].	[Εγώ] είναι το πιο [m]	ο νεαρός	singular	female	descriptive_adjective
Οι νέοι είναι ο καλύτερος [m].	[I] είναι το καλύτερο [m]	ο νεαρός	singular	female	descriptive_adjective
Οι νέοι είναι ένας μεγάλος [m].	[Εγώ] είναι ένα υπέροχο [m]	ο νεαρός	singular	female	descriptive_adjective
Οι νέοι είναι γνωστοί ως [m].	[I] είναι γνωστό ως [m]	ο νεαρός	singular	female	descriptive_adjective
Οι νέοι είναι ένας [M].	[Εγώ] είναι ένα [m]	ο νεαρός	singular	female	descriptive_adjective
Η γυναίκα είναι η μεγαλύτερη [m].	[Εγώ] είναι το πιο [m]	η γυναίκα	singular	female	descriptive_adjective
Η γυναίκα είναι η καλύτερη [m].	[I] είναι το καλύτερο [m]	η γυναίκα	singular	female	descriptive_adjective
Η γυναίκα είναι μια μεγάλη [m].	[Εγώ] είναι ένα υπέροχο [m]	η γυναίκα	singular	female	descriptive_adjective
Η γυναίκα είναι γνωστή ως [m].	[I] είναι γνωστό ως [m]	η γυναίκα	singular	female	descriptive_adjective
Η γυναίκα είναι ένα [m].	[Εγώ] είναι ένα [m]	η γυναίκα	singular	female	descriptive_adjective
Η κυρία είναι η πιο [m].	[Εγώ] είναι το πιο [m]	η κυρία	singular	female	descriptive_adjective
Η κυρία είναι η καλύτερη [m].	[I] είναι το καλύτερο [m]	η κυρία	singular	female	descriptive_adjective
Η κυρία είναι μια μεγάλη [m].	[Εγώ] είναι ένα υπέροχο [m]	η κυρία	singular	female	descriptive_adjective
Η κυρία είναι γνωστή ως [m].	[I] είναι γνωστό ως [m]	η κυρία	singular	female	descriptive_adjective
Η κυρία είναι μια [m].	[Εγώ] είναι ένα [m]	η κυρία	singular	female	descriptive_adjective
Η νύφη είναι η μεγαλύτερη [m].	[Εγώ] είναι το πιο [m]	η νύφη	singular	female	descriptive_adjective
Η νύφη είναι η καλύτερη [m].	[I] είναι το καλύτερο [m]	η νύφη	singular	female	descriptive_adjective
Η νύφη είναι μια μεγάλη [m].	[Εγώ] είναι ένα υπέροχο [m]	η νύφη	singular	female	descriptive_adjective
Η νύφη είναι γνωστή ως [M].	[I] είναι γνωστό ως [m]	η νύφη	singular	female	descriptive_adjective
Η νύφη είναι μια [m].	[Εγώ] είναι ένα [m]	η νύφη	singular	female	descriptive_adjective
Η φίλη είναι η πιο [m].	[Εγώ] είναι το πιο [m]	φιλενάδα	singular	female	descriptive_adjective
Η φίλη είναι η καλύτερη [m].	[I] είναι το καλύτερο [m]	φιλενάδα	singular	female	descriptive_adjective
Η φίλη είναι μια υπέροχη [m].	[Εγώ] είναι ένα υπέροχο [m]	φιλενάδα	singular	female	descriptive_adjective
Η φίλη είναι γνωστή ως [m].	[I] είναι γνωστό ως [m]	φιλενάδα	singular	female	descriptive_adjective
Η φίλη είναι [m].	[Εγώ] είναι ένα [m]	φιλενάδα	singular	female	descriptive_adjective
Οι γυναίκες είναι οι περισσότεροι [m].	[Εγώ] είναι τα περισσότερα [m]	οι γυναίκες	plural	female	descriptive_adjective
Οι γυναίκες είναι οι καλύτερες [m].	[I] είναι το καλύτερο [m]	οι γυναίκες	plural	female	descriptive_adjective
Οι γυναίκες είναι υπέροχες [m].	[Εγώ] είναι υπέροχα [m]	οι γυναίκες	plural	female	descriptive_adjective
Οι γυναίκες είναι γνωστές ως [m].	[I] είναι γνωστά ως [m]	οι γυναίκες	plural	female	descriptive_adjective
Οι γυναίκες είναι [m].	[Εγώ] είναι [m]	οι γυναίκες	plural	female	descriptive_adjective
Τα κορίτσια είναι τα περισσότερα [m].	[Εγώ] είναι τα περισσότερα [m]	τα κορίτσια	plural	female	descriptive_adjective
Τα κορίτσια είναι τα καλύτερα [m].	[I] είναι το καλύτερο [m]	τα κορίτσια	plural	female	descriptive_adjective
Τα κορίτσια είναι υπέροχα [m].	[Εγώ] είναι υπέροχα [m]	τα κορίτσια	plural	female	descriptive_adjective
Τα κορίτσια είναι γνωστά ως [m].	[I] είναι γνωστά ως [m]	τα κορίτσια	plural	female	descriptive_adjective
Τα κορίτσια είναι [m].	[Εγώ] είναι [m]	τα κορίτσια	plural	female	descriptive_adjective
Οι μητέρες είναι οι περισσότεροι [m].	[Εγώ] είναι τα περισσότερα [m]	Οι μητέρες	plural	female	descriptive_adjective
Οι μητέρες είναι οι καλύτερες [m].	[I] είναι το καλύτερο [m]	Οι μητέρες	plural	female	descriptive_adjective
Οι μητέρες είναι υπέροχες [m].	[Εγώ] είναι υπέροχα [m]	Οι μητέρες	plural	female	descriptive_adjective
Οι μητέρες είναι γνωστές ως [m].	[I] είναι γνωστά ως [m]	Οι μητέρες	plural	female	descriptive_adjective
Οι μητέρες είναι [m].	[Εγώ] είναι [m]	Οι μητέρες	plural	female	descriptive_adjective
Οι κόρες είναι οι περισσότεροι [m].	[Εγώ] είναι τα περισσότερα [m]	Οι κόρες	plural	female	descriptive_adjective
Οι κόρες είναι οι καλύτερες [m].	[I] είναι το καλύτερο [m]	Οι κόρες	plural	female	descriptive_adjective
Οι κόρες είναι υπέροχες [m].	[Εγώ] είναι υπέροχα [m]	Οι κόρες	plural	female	descriptive_adjective
Οι κόρες είναι γνωστές ως [m].	[I] είναι γνωστά ως [m]	Οι κόρες	plural	female	descriptive_adjective
Οι κόρες είναι [m].	[Εγώ] είναι [m]	Οι κόρες	plural	female	descriptive_adjective
Τα κορίτσια είναι τα περισσότερα [m].	[Εγώ] είναι τα περισσότερα [m]	τα κορίτσια	plural	female	descriptive_adjective
Τα κορίτσια είναι τα καλύτερα [m].	[I] είναι το καλύτερο [m]	τα κορίτσια	plural	female	descriptive_adjective
Τα κορίτσια είναι υπέροχα [m].	[Εγώ] είναι υπέροχα [m]	τα κορίτσια	plural	female	descriptive_adjective
Τα κορίτσια είναι γνωστά ως [m].	[I] είναι γνωστά ως [m]	τα κορίτσια	plural	female	descriptive_adjective
Τα κορίτσια είναι [m].	[Εγώ] είναι [m]	τα κορίτσια	plural	female	descriptive_adjective
Τα θηλυκά είναι τα περισσότερα [m].	[Εγώ] είναι τα περισσότερα [m]	τα θηλυκά	plural	female	descriptive_adjective
Τα θηλυκά είναι τα καλύτερα [m].	[I] είναι το καλύτερο [m]	τα θηλυκά	plural	female	descriptive_adjective
Τα θηλυκά είναι υπέροχα [m].	[Εγώ] είναι υπέροχα [m]	τα θηλυκά	plural	female	descriptive_adjective
Τα θηλυκά είναι γνωστά ως [m].	[I] είναι γνωστά ως [m]	τα θηλυκά	plural	female	descriptive_adjective
Τα θηλυκά είναι [m].	[Εγώ] είναι [m]	τα θηλυκά	plural	female	descriptive_adjective
Οι αδελφές είναι οι περισσότεροι [m].	[Εγώ] είναι τα περισσότερα [m]	οι αδελφές	plural	female	descriptive_adjective
Οι αδελφές είναι οι καλύτερες [m].	[I] είναι το καλύτερο [m]	οι αδελφές	plural	female	descriptive_adjective
Οι αδελφές είναι υπέροχες [m].	[Εγώ] είναι υπέροχα [m]	οι αδελφές	plural	female	descriptive_adjective
Οι αδελφές είναι γνωστές ως [m].	[I] είναι γνωστά ως [m]	οι αδελφές	plural	female	descriptive_adjective
Οι αδελφές είναι [m].	[Εγώ] είναι [m]	οι αδελφές	plural	female	descriptive_adjective
Οι θείες είναι οι περισσότεροι [m].	[Εγώ] είναι τα περισσότερα [m]	Οι θείες	plural	female	descriptive_adjective
Οι θείες είναι οι καλύτεροι [m].	[I] είναι το καλύτερο [m]	Οι θείες	plural	female	descriptive_adjective
Οι θείες είναι υπέροχες [m].	[Εγώ] είναι υπέροχα [m]	Οι θείες	plural	female	descriptive_adjective
Οι θείες είναι γνωστές ως [m].	[I] είναι γνωστά ως [m]	Οι θείες	plural	female	descriptive_adjective
Οι θείες είναι [m].	[Εγώ] είναι [m]	Οι θείες	plural	female	descriptive_adjective
Οι νέοι είναι οι περισσότεροι [m].	[Εγώ] είναι τα περισσότερα [m]	Οι νέοι	plural	female	descriptive_adjective
Οι νέοι είναι οι καλύτεροι [m].	[I] είναι το καλύτερο [m]	Οι νέοι	plural	female	descriptive_adjective
Οι νέοι είναι σπουδαίοι [m].	[Εγώ] είναι υπέροχα [m]	Οι νέοι	plural	female	descriptive_adjective
Οι νέοι είναι γνωστοί ως [m].	[I] είναι γνωστά ως [m]	Οι νέοι	plural	female	descriptive_adjective
Οι νέοι είναι [m].	[Εγώ] είναι [m]	Οι νέοι	plural	female	descriptive_adjective
Οι συζύγους είναι οι περισσότεροι [m].	[Εγώ] είναι τα περισσότερα [m]	Οι σύζυγοι	plural	female	descriptive_adjective
Οι συζύγους είναι οι καλύτερες [m].	[I] είναι το καλύτερο [m]	Οι σύζυγοι	plural	female	descriptive_adjective
Οι συζύγους είναι υπέροχες [m].	[Εγώ] είναι υπέροχα [m]	Οι σύζυγοι	plural	female	descriptive_adjective
Οι συζύγους είναι γνωστές ως [m].	[I] είναι γνωστά ως [m]	Οι σύζυγοι	plural	female	descriptive_adjective
Οι συζύγους είναι [m].	[Εγώ] είναι [m]	Οι σύζυγοι	plural	female	descriptive_adjective
Οι κυρίες είναι οι περισσότεροι [m].	[Εγώ] είναι τα περισσότερα [m]	Οι κυρίες	plural	female	descriptive_adjective
Οι κυρίες είναι οι καλύτερες [m].	[I] είναι το καλύτερο [m]	Οι κυρίες	plural	female	descriptive_adjective
Οι κυρίες είναι υπέροχες [m].	[Εγώ] είναι υπέροχα [m]	Οι κυρίες	plural	female	descriptive_adjective
Οι κυρίες είναι γνωστές ως [m].	[I] είναι γνωστά ως [m]	Οι κυρίες	plural	female	descriptive_adjective
Οι κυρίες είναι [m].	[Εγώ] είναι [m]	Οι κυρίες	plural	female	descriptive_adjective
Οι νύφες είναι οι περισσότεροι [m].	[Εγώ] είναι τα περισσότερα [m]	οι νύφες	plural	female	descriptive_adjective
Οι νύφες είναι οι καλύτερες [m].	[I] είναι το καλύτερο [m]	οι νύφες	plural	female	descriptive_adjective
Οι νύφες είναι υπέροχες [m].	[Εγώ] είναι υπέροχα [m]	οι νύφες	plural	female	descriptive_adjective
Οι νύφες είναι γνωστές ως [m].	[I] είναι γνωστά ως [m]	οι νύφες	plural	female	descriptive_adjective
Οι νύφες είναι [m].	[Εγώ] είναι [m]	οι νύφες	plural	female	descriptive_adjective
Οι φίλες είναι οι περισσότεροι [m].	[Εγώ] είναι τα περισσότερα [m]	Οι φίλες	plural	female	descriptive_adjective
Οι φίλες είναι οι καλύτερες [m].	[I] είναι το καλύτερο [m]	Οι φίλες	plural	female	descriptive_adjective
Οι φίλες είναι υπέροχες [m].	[Εγώ] είναι υπέροχα [m]	Οι φίλες	plural	female	descriptive_adjective
Οι φίλες είναι γνωστές ως [m].	[I] είναι γνωστά ως [m]	Οι φίλες	plural	female	descriptive_adjective
Οι φίλες είναι [m].	[Εγώ] είναι [m]	Οι φίλες	plural	female	descriptive_adjective
Ο άνθρωπος είναι ο περισσότερος [m].	[Εγώ] είναι το πιο [m]	ο άντρας	singular	male	descriptive_adjective
Ο άνθρωπος είναι ο καλύτερος [m].	[I] είναι το καλύτερο [m]	ο άντρας	singular	male	descriptive_adjective
Ο άνθρωπος είναι ένας μεγάλος [m].	[Εγώ] είναι ένα υπέροχο [m]	ο άντρας	singular	male	descriptive_adjective
Ο άνθρωπος είναι γνωστός ως [m].	[I] είναι γνωστό ως [m]	ο άντρας	singular	male	descriptive_adjective
Ο άνθρωπος είναι ένας [m].	[Εγώ] είναι ένα [m]	ο άντρας	singular	male	descriptive_adjective
Το παιδί είναι το περισσότερο [m].	[Εγώ] είναι το πιο [m]	το παιδί	singular	male	descriptive_adjective
Το παιδί είναι το καλύτερο [m].	[I] είναι το καλύτερο [m]	το παιδί	singular	male	descriptive_adjective
Το παιδί είναι ένα μεγάλο [m].	[Εγώ] είναι ένα υπέροχο [m]	το παιδί	singular	male	descriptive_adjective
Το παιδί είναι γνωστό ως [m].	[I] είναι γνωστό ως [m]	το παιδί	singular	male	descriptive_adjective
Το παιδί είναι ένα [m].	[Εγώ] είναι ένα [m]	το παιδί	singular	male	descriptive_adjective
Είναι ο περισσότερος [m].	[Εγώ] είναι το πιο [m]	αυτός	singular	male	descriptive_adjective
Είναι ο καλύτερος [m].	[I] είναι το καλύτερο [m]	αυτός	singular	male	descriptive_adjective
Είναι ένας μεγάλος [m].	[Εγώ] είναι ένα υπέροχο [m]	αυτός	singular	male	descriptive_adjective
Είναι γνωστός ως [m].	[I] είναι γνωστό ως [m]	αυτός	singular	male	descriptive_adjective
Είναι [m].	[Εγώ] είναι ένα [m]	αυτός	singular	male	descriptive_adjective
Ο πατέρας είναι ο περισσότερος [m].	[Εγώ] είναι το πιο [m]	ο πατέρας	singular	male	descriptive_adjective
Ο πατέρας είναι ο καλύτερος [m].	[I] είναι το καλύτερο [m]	ο πατέρας	singular	male	descriptive_adjective
Ο πατέρας είναι ένας μεγάλος [m].	[Εγώ] είναι ένα υπέροχο [m]	ο πατέρας	singular	male	descriptive_adjective
Ο πατέρας είναι γνωστός ως [m].	[I] είναι γνωστό ως [m]	ο πατέρας	singular	male	descriptive_adjective
Ο πατέρας είναι ένας [m].	[Εγώ] είναι ένα [m]	ο πατέρας	singular	male	descriptive_adjective
Ο γιος είναι ο περισσότερος [m].	[Εγώ] είναι το πιο [m]	ο γιος	singular	male	descriptive_adjective
Ο γιος είναι ο καλύτερος [m].	[I] είναι το καλύτερο [m]	ο γιος	singular	male	descriptive_adjective
Ο γιος είναι ένας μεγάλος [m].	[Εγώ] είναι ένα υπέροχο [m]	ο γιος	singular	male	descriptive_adjective
Ο γιος είναι γνωστός ως [M].	[I] είναι γνωστό ως [m]	ο γιος	singular	male	descriptive_adjective
Ο γιος είναι ένας [m].	[Εγώ] είναι ένα [m]	ο γιος	singular	male	descriptive_adjective
Το αγόρι είναι το πιο [m].	[Εγώ] είναι το πιο [m]	το αγόρι	singular	male	descriptive_adjective
Το αγόρι είναι το καλύτερο [m].	[I] είναι το καλύτερο [m]	το αγόρι	singular	male	descriptive_adjective
Το αγόρι είναι ένα υπέροχο [m].	[Εγώ] είναι ένα υπέροχο [m]	το αγόρι	singular	male	descriptive_adjective
Το αγόρι είναι γνωστό ως [m].	[I] είναι γνωστό ως [m]	το αγόρι	singular	male	descriptive_adjective
Το αγόρι είναι ένα [m].	[Εγώ] είναι ένα [m]	το αγόρι	singular	male	descriptive_adjective
Το αρσενικό είναι το πιο [m].	[Εγώ] είναι το πιο [m]	το αρσενικό	singular	male	descriptive_adjective
Το αρσενικό είναι το καλύτερο [m].	[I] είναι το καλύτερο [m]	το αρσενικό	singular	male	descriptive_adjective
Το αρσενικό είναι ένα μεγάλο [m].	[Εγώ] είναι ένα υπέροχο [m]	το αρσενικό	singular	male	descriptive_adjective
Το αρσενικό είναι γνωστό ως [m].	[I] είναι γνωστό ως [m]	το αρσενικό	singular	male	descriptive_adjective
Το αρσενικό είναι ένα [m].	[Εγώ] είναι ένα [m]	το αρσενικό	singular	male	descriptive_adjective
Ο αδελφός είναι ο περισσότερος [m].	[Εγώ] είναι το πιο [m]	ο αδερφός	singular	male	descriptive_adjective
Ο αδελφός είναι ο καλύτερος [m].	[I] είναι το καλύτερο [m]	ο αδερφός	singular	male	descriptive_adjective
Ο αδελφός είναι ένας μεγάλος [m].	[Εγώ] είναι ένα υπέροχο [m]	ο αδερφός	singular	male	descriptive_adjective
Ο αδελφός είναι γνωστός ως [M].	[I] είναι γνωστό ως [m]	ο αδερφός	singular	male	descriptive_adjective
Ο αδελφός είναι ένας [m].	[Εγώ] είναι ένα [m]	ο αδερφός	singular	male	descriptive_adjective
Ο θείος είναι ο περισσότερος [m].	[Εγώ] είναι το πιο [m]	ο θείος	singular	male	descriptive_adjective
Ο θείος είναι ο καλύτερος [m].	[I] είναι το καλύτερο [m]	ο θείος	singular	male	descriptive_adjective
Ο θείος είναι ένας μεγάλος [M].	[Εγώ] είναι ένα υπέροχο [m]	ο θείος	singular	male	descriptive_adjective
Ο θείος είναι γνωστός ως [m].	[I] είναι γνωστό ως [m]	ο θείος	singular	male	descriptive_adjective
Ο θείος είναι ένας [m].	[Εγώ] είναι ένα [m]	ο θείος	singular	male	descriptive_adjective
Οι νέοι είναι οι περισσότεροι [m].	[Εγώ] είναι το πιο [m]	ο νεαρός	singular	male	descriptive_adjective
Οι νέοι είναι ο καλύτερος [m].	[I] είναι το καλύτερο [m]	ο νεαρός	singular	male	descriptive_adjective
Οι νέοι είναι ένας μεγάλος [m].	[Εγώ] είναι ένα υπέροχο [m]	ο νεαρός	singular	male	descriptive_adjective
Οι νέοι είναι γνωστοί ως [m].	[I] είναι γνωστό ως [m]	ο νεαρός	singular	male	descriptive_adjective
Οι νέοι είναι ένας [M].	[Εγώ] είναι ένα [m]	ο νεαρός	singular	male	descriptive_adjective
Ο σύζυγος είναι ο περισσότερος [m].	[Εγώ] είναι το πιο [m]	ο σύζυγος	singular	male	descriptive_adjective
Ο σύζυγος είναι ο καλύτερος [m].	[I] είναι το καλύτερο [m]	ο σύζυγος	singular	male	descriptive_adjective
Ο σύζυγος είναι ένας μεγάλος [m].	[Εγώ] είναι ένα υπέροχο [m]	ο σύζυγος	singular	male	descriptive_adjective
Ο σύζυγος είναι γνωστός ως [m].	[I] είναι γνωστό ως [m]	ο σύζυγος	singular	male	descriptive_adjective
Ο σύζυγος είναι ένας [m].	[Εγώ] είναι ένα [m]	ο σύζυγος	singular	male	descriptive_adjective
Ο κύριος είναι ο περισσότερος [m].	[Εγώ] είναι το πιο [m]	ο κύριος	singular	male	descriptive_adjective
Ο κύριος είναι ο καλύτερος [m].	[I] είναι το καλύτερο [m]	ο κύριος	singular	male	descriptive_adjective
Ο κύριος είναι ένας μεγάλος [M].	[Εγώ] είναι ένα υπέροχο [m]	ο κύριος	singular	male	descriptive_adjective
Ο κύριος είναι γνωστός ως [m].	[I] είναι γνωστό ως [m]	ο κύριος	singular	male	descriptive_adjective
Ο κύριος είναι ένας [M].	[Εγώ] είναι ένα [m]	ο κύριος	singular	male	descriptive_adjective
Ο γαμπρός είναι ο περισσότερος [m].	[Εγώ] είναι το πιο [m]	ο γαμπρός	singular	male	descriptive_adjective
Ο γαμπρός είναι ο καλύτερος [m].	[I] είναι το καλύτερο [m]	ο γαμπρός	singular	male	descriptive_adjective
Ο γαμπρός είναι ένας μεγάλος [m].	[Εγώ] είναι ένα υπέροχο [m]	ο γαμπρός	singular	male	descriptive_adjective
Ο γαμπρός είναι γνωστός ως [m].	[I] είναι γνωστό ως [m]	ο γαμπρός	singular	male	descriptive_adjective
Ο γαμπρός είναι ένας [m].	[Εγώ] είναι ένα [m]	ο γαμπρός	singular	male	descriptive_adjective
Ο φίλος είναι ο περισσότερος [m].	[Εγώ] είναι το πιο [m]	ο φίλος	singular	male	descriptive_adjective
Ο φίλος είναι ο καλύτερος [m].	[I] είναι το καλύτερο [m]	ο φίλος	singular	male	descriptive_adjective
Ο φίλος είναι ένας υπέροχος [m].	[Εγώ] είναι ένα υπέροχο [m]	ο φίλος	singular	male	descriptive_adjective
Ο φίλος είναι γνωστός ως [m].	[I] είναι γνωστό ως [m]	ο φίλος	singular	male	descriptive_adjective
Ο φίλος είναι ένα [m].	[Εγώ] είναι ένα [m]	ο φίλος	singular	male	descriptive_adjective
Οι άνδρες είναι οι καλύτεροι [m].	[I] είναι το καλύτερο [m]	οι άνδρες	plural	male	descriptive_adjective
Οι άνδρες είναι οι καλύτεροι [m].	[I] είναι το καλύτερο [m]	οι άνδρες	plural	male	descriptive_adjective
Οι άνδρες είναι σπουδαίοι [m].	[Εγώ] είναι υπέροχα [m]	οι άνδρες	plural	male	descriptive_adjective
Οι άνδρες είναι γνωστοί ως [m].	[I] είναι γνωστά ως [m]	οι άνδρες	plural	male	descriptive_adjective
Οι άνδρες είναι [m].	[Εγώ] είναι [m]	οι άνδρες	plural	male	descriptive_adjective
Τα παιδιά είναι τα καλύτερα [m].	[I] είναι το καλύτερο [m]	τα παιδιά	plural	male	descriptive_adjective
Τα παιδιά είναι τα καλύτερα [m].	[I] είναι το καλύτερο [m]	τα παιδιά	plural	male	descriptive_adjective
Τα παιδιά είναι υπέροχα [m].	[Εγώ] είναι υπέροχα [m]	τα παιδιά	plural	male	descriptive_adjective
Τα παιδιά είναι γνωστά ως [m].	[I] είναι γνωστά ως [m]	τα παιδιά	plural	male	descriptive_adjective
Τα παιδιά είναι [m].	[Εγώ] είναι [m]	τα παιδιά	plural	male	descriptive_adjective
Οι πατέρες είναι οι καλύτεροι [m].	[I] είναι το καλύτερο [m]	οι πατέρες	plural	male	descriptive_adjective
Οι πατέρες είναι οι καλύτεροι [m].	[I] είναι το καλύτερο [m]	οι πατέρες	plural	male	descriptive_adjective
Οι πατέρες είναι σπουδαίοι [m].	[Εγώ] είναι υπέροχα [m]	οι πατέρες	plural	male	descriptive_adjective
Οι πατέρες είναι γνωστοί ως [m].	[I] είναι γνωστά ως [m]	οι πατέρες	plural	male	descriptive_adjective
Οι πατέρες είναι [m].	[Εγώ] είναι [m]	οι πατέρες	plural	male	descriptive_adjective
Τα παιδιά είναι τα καλύτερα [m].	[I] είναι το καλύτερο [m]	τα παιδιά	plural	male	descriptive_adjective
Τα παιδιά είναι τα καλύτερα [m].	[I] είναι το καλύτερο [m]	τα παιδιά	plural	male	descriptive_adjective
Τα παιδιά είναι υπέροχα [m].	[Εγώ] είναι υπέροχα [m]	τα παιδιά	plural	male	descriptive_adjective
Τα παιδιά είναι γνωστά ως [m].	[I] είναι γνωστά ως [m]	τα παιδιά	plural	male	descriptive_adjective
Τα παιδιά είναι [m].	[Εγώ] είναι [m]	τα παιδιά	plural	male	descriptive_adjective
Τα αγόρια είναι τα καλύτερα [m].	[I] είναι το καλύτερο [m]	τα αγόρια	plural	male	descriptive_adjective
Τα αγόρια είναι τα καλύτερα [m].	[I] είναι το καλύτερο [m]	τα αγόρια	plural	male	descriptive_adjective
Τα αγόρια είναι υπέροχα [m].	[Εγώ] είναι υπέροχα [m]	τα αγόρια	plural	male	descriptive_adjective
Τα αγόρια είναι γνωστά ως [m].	[I] είναι γνωστά ως [m]	τα αγόρια	plural	male	descriptive_adjective
Τα αγόρια είναι [m].	[Εγώ] είναι [m]	τα αγόρια	plural	male	descriptive_adjective
Τα αρσενικά είναι τα καλύτερα [m].	[I] είναι το καλύτερο [m]	τα αρσενικά	plural	male	descriptive_adjective
Τα αρσενικά είναι τα καλύτερα [m].	[I] είναι το καλύτερο [m]	τα αρσενικά	plural	male	descriptive_adjective
Τα αρσενικά είναι υπέροχα [m].	[Εγώ] είναι υπέροχα [m]	τα αρσενικά	plural	male	descriptive_adjective
Τα αρσενικά είναι γνωστά ως [m].	[I] είναι γνωστά ως [m]	τα αρσενικά	plural	male	descriptive_adjective
Τα αρσενικά είναι [m].	[Εγώ] είναι [m]	τα αρσενικά	plural	male	descriptive_adjective
Οι αδελφοί είναι οι καλύτεροι [m].	[I] είναι το καλύτερο [m]	Οι αδελφοί	plural	male	descriptive_adjective
Οι αδελφοί είναι οι καλύτεροι [m].	[I] είναι το καλύτερο [m]	Οι αδελφοί	plural	male	descriptive_adjective
Οι αδελφοί είναι υπέροχα [m].	[Εγώ] είναι υπέροχα [m]	Οι αδελφοί	plural	male	descriptive_adjective
Οι αδελφοί είναι γνωστοί ως [m].	[I] είναι γνωστά ως [m]	Οι αδελφοί	plural	male	descriptive_adjective
Οι αδελφοί είναι [m].	[Εγώ] είναι [m]	Οι αδελφοί	plural	male	descriptive_adjective
Οι θείοι είναι οι καλύτεροι [m].	[I] είναι το καλύτερο [m]	οι θείοι	plural	male	descriptive_adjective
Οι θείοι είναι οι καλύτεροι [m].	[I] είναι το καλύτερο [m]	οι θείοι	plural	male	descriptive_adjective
Οι θείοι είναι σπουδαίοι [m].	[Εγώ] είναι υπέροχα [m]	οι θείοι	plural	male	descriptive_adjective
Οι θείοι είναι γνωστοί ως [m].	[I] είναι γνωστά ως [m]	οι θείοι	plural	male	descriptive_adjective
Οι θείοι είναι [m].	[Εγώ] είναι [m]	οι θείοι	plural	male	descriptive_adjective
Οι νέοι είναι οι καλύτεροι [m].	[I] είναι το καλύτερο [m]	Οι νέοι	plural	male	descriptive_adjective
Οι νέοι είναι οι καλύτεροι [m].	[I] είναι το καλύτερο [m]	Οι νέοι	plural	male	descriptive_adjective
Οι νέοι είναι σπουδαίοι [m].	[Εγώ] είναι υπέροχα [m]	Οι νέοι	plural	male	descriptive_adjective
Οι νέοι είναι γνωστοί ως [m].	[I] είναι γνωστά ως [m]	Οι νέοι	plural	male	descriptive_adjective
Οι νέοι είναι [m].	[Εγώ] είναι [m]	Οι νέοι	plural	male	descriptive_adjective
Οι σύζυγοι είναι οι καλύτεροι [m].	[I] είναι το καλύτερο [m]	οι σύζυγοι	plural	male	descriptive_adjective
Οι σύζυγοι είναι οι καλύτεροι [m].	[I] είναι το καλύτερο [m]	οι σύζυγοι	plural	male	descriptive_adjective
Οι σύζυγοι είναι σπουδαίοι [m].	[Εγώ] είναι υπέροχα [m]	οι σύζυγοι	plural	male	descriptive_adjective
Οι σύζυγοι είναι γνωστοί ως [M].	[I] είναι γνωστά ως [m]	οι σύζυγοι	plural	male	descriptive_adjective
Οι σύζυγοι είναι [m].	[Εγώ] είναι [m]	οι σύζυγοι	plural	male	descriptive_adjective
Οι Λόρδοι είναι οι καλύτεροι [m].	[I] είναι το καλύτερο [m]	Οι Λόρδοι	plural	male	descriptive_adjective
Οι Λόρδοι είναι οι καλύτεροι [m].	[I] είναι το καλύτερο [m]	Οι Λόρδοι	plural	male	descriptive_adjective
Οι Λόρδοι είναι σπουδαίοι [m].	[Εγώ] είναι υπέροχα [m]	Οι Λόρδοι	plural	male	descriptive_adjective
Οι Λόρδοι είναι γνωστοί ως [Μ].	[I] είναι γνωστά ως [m]	Οι Λόρδοι	plural	male	descriptive_adjective
Οι Λόρδοι είναι [Μ].	[Εγώ] είναι [m]	Οι Λόρδοι	plural	male	descriptive_adjective
Οι σύζυγοι είναι οι καλύτεροι [m].	[I] είναι το καλύτερο [m]	οι σύζυγοι	plural	male	descriptive_adjective
Οι σύζυγοι είναι οι καλύτεροι [m].	[I] είναι το καλύτερο [m]	οι σύζυγοι	plural	male	descriptive_adjective
Οι σύζυγοι είναι σπουδαίοι [m].	[Εγώ] είναι υπέροχα [m]	οι σύζυγοι	plural	male	descriptive_adjective
Οι σύζυγοι είναι γνωστοί ως [m].	[I] είναι γνωστά ως [m]	οι σύζυγοι	plural	male	descriptive_adjective
Οι σύζυγοι είναι [m].	[Εγώ] είναι [m]	οι σύζυγοι	plural	male	descriptive_adjective
Οι φίλοι είναι οι καλύτεροι [m].	[I] είναι το καλύτερο [m]	Οι φίλοι	plural	male	descriptive_adjective
Οι φίλοι είναι οι καλύτεροι [m].	[I] είναι το καλύτερο [m]	Οι φίλοι	plural	male	descriptive_adjective
Οι φίλοι είναι υπέροχοι [m].	[Εγώ] είναι υπέροχα [m]	Οι φίλοι	plural	male	descriptive_adjective
Οι φίλοι είναι γνωστοί ως [m].	[I] είναι γνωστά ως [m]	Οι φίλοι	plural	male	descriptive_adjective
Οι φίλοι είναι [m].	[Εγώ] είναι [m]	Οι φίλοι	plural	male	descriptive_adjective
Η γυναίκα αρέσει να [m].	[Μου αρέσει [m]	η γυναίκα	singular	female	descriptive_verb
Η γυναίκα ξέρει πώς να [m].	[I] Ξέρει πώς να [m]	η γυναίκα	singular	female	descriptive_verb
Η γυναίκα προορίζεται να είναι [m].	[I] πρέπει να είναι [m]	η γυναίκα	singular	female	descriptive_verb
Η γυναίκα είναι πολύ καλή στο [m].	[Εγώ] είναι πολύ καλό στο [m]	η γυναίκα	singular	female	descriptive_verb
Η γυναίκα πρέπει να ξέρει πώς να [m].	[Εγώ] πρέπει να ξέρω πώς να [m]	η γυναίκα	singular	female	descriptive_verb
Το παιδί του αρέσει να [m].	[Μου αρέσει [m]	το παιδί	singular	female	descriptive_verb
Το παιδί ξέρει πώς να [m].	[I] Ξέρει πώς να [m]	το παιδί	singular	female	descriptive_verb
Το παιδί προορίζεται να είναι [m].	[I] πρέπει να είναι [m]	το παιδί	singular	female	descriptive_verb
Το παιδί είναι πολύ καλό στο [m].	[Εγώ] είναι πολύ καλό στο [m]	το παιδί	singular	female	descriptive_verb
Το παιδί πρέπει να ξέρει πώς να [m].	[Εγώ] πρέπει να ξέρω πώς να [m]	το παιδί	singular	female	descriptive_verb
Της αρέσει να [m].	[Μου αρέσει [m]	αυτή	singular	female	descriptive_verb
Ξέρει πώς να [m].	[I] Ξέρει πώς να [m]	αυτή	singular	female	descriptive_verb
Έχει σκοπό να είναι [m].	[I] πρέπει να είναι [m]	αυτή	singular	female	descriptive_verb
Είναι πολύ καλή στο [m].	[I] είναι πολύ καλό στο [m]	αυτή	singular	female	descriptive_verb
Πρέπει να ξέρει πώς να [m].	[Εγώ] πρέπει να ξέρω πώς να [m]	αυτή	singular	female	descriptive_verb
Η μητέρα αρέσει να [m].	[Μου αρέσει [m]	η μητέρα	singular	female	descriptive_verb
Η μητέρα ξέρει πώς να [m].	[I] Ξέρει πώς να [m]	η μητέρα	singular	female	descriptive_verb
Η μητέρα προορίζεται να είναι [m].	[I] πρέπει να είναι [m]	η μητέρα	singular	female	descriptive_verb
Η μητέρα είναι πολύ καλή στο [m].	[Εγώ] είναι πολύ καλό στο [m]	η μητέρα	singular	female	descriptive_verb
Η μητέρα πρέπει να ξέρει πώς να [m].	[Εγώ] πρέπει να ξέρω πώς να [m]	η μητέρα	singular	female	descriptive_verb
Η κόρη του αρέσει [m].	[Μου αρέσει [m]	η κόρη	singular	female	descriptive_verb
Η κόρη ξέρει πώς να [m].	[I] Ξέρει πώς να [m]	η κόρη	singular	female	descriptive_verb
Η κόρη προορίζεται να είναι [m].	[I] πρέπει να είναι [m]	η κόρη	singular	female	descriptive_verb
Η κόρη είναι πολύ καλή στο [m].	[Εγώ] είναι πολύ καλό στο [m]	η κόρη	singular	female	descriptive_verb
Η κόρη πρέπει να ξέρει πώς να [m].	[Εγώ] πρέπει να ξέρω πώς να [m]	η κόρη	singular	female	descriptive_verb
Το κορίτσι αρέσει να [m].	[Μου αρέσει [m]	το κορίτσι	singular	female	descriptive_verb
Το κορίτσι ξέρει πώς να [m].	[I] Ξέρει πώς να [m]	το κορίτσι	singular	female	descriptive_verb
Το κορίτσι προορίζεται να είναι [m].	[I] πρέπει να είναι [m]	το κορίτσι	singular	female	descriptive_verb
Το κορίτσι είναι πολύ καλό στο [m].	[Εγώ] είναι πολύ καλό στο [m]	το κορίτσι	singular	female	descriptive_verb
Το κορίτσι πρέπει να ξέρει πώς να [m].	[Εγώ] πρέπει να ξέρω πώς να [m]	το κορίτσι	singular	female	descriptive_verb
Το θηλυκό αρέσει να [m].	[Μου αρέσει [m]	η γυναίκα	singular	female	descriptive_verb
Το θηλυκό ξέρει πώς να [m].	[I] Ξέρει πώς να [m]	η γυναίκα	singular	female	descriptive_verb
Το θηλυκό προορίζεται να είναι [m].	[I] πρέπει να είναι [m]	η γυναίκα	singular	female	descriptive_verb
Το θηλυκό είναι πολύ καλό στο [m].	[Εγώ] είναι πολύ καλό στο [m]	η γυναίκα	singular	female	descriptive_verb
Το θηλυκό πρέπει να γνωρίζει πώς να [m].	[Εγώ] πρέπει να ξέρω πώς να [m]	η γυναίκα	singular	female	descriptive_verb
Η αδελφή του αρέσει [m].	[Μου αρέσει [m]	η αδερφή	singular	female	descriptive_verb
Η αδελφή ξέρει πώς να [m].	[I] Ξέρει πώς να [m]	η αδερφή	singular	female	descriptive_verb
Η αδελφή πρέπει να είναι [m].	[I] πρέπει να είναι [m]	η αδερφή	singular	female	descriptive_verb
Η αδελφή είναι πολύ καλή στο [m].	[Εγώ] είναι πολύ καλό στο [m]	η αδερφή	singular	female	descriptive_verb
Η αδελφή πρέπει να ξέρει πώς να [m].	[Εγώ] πρέπει να ξέρω πώς να [m]	η αδερφή	singular	female	descriptive_verb
Η θεία θέλει να [m].	[Μου αρέσει [m]	η θεία	singular	female	descriptive_verb
Η θεία ξέρει πώς να [m].	[I] Ξέρει πώς να [m]	η θεία	singular	female	descriptive_verb
Η θεία προορίζεται να είναι [m].	[I] πρέπει να είναι [m]	η θεία	singular	female	descriptive_verb
Η θεία είναι πολύ καλή στο [m].	[Εγώ] είναι πολύ καλό στο [m]	η θεία	singular	female	descriptive_verb
Η θεία πρέπει να ξέρει πώς να [m].	[Εγώ] πρέπει να ξέρω πώς να [m]	η θεία	singular	female	descriptive_verb
Οι νέοι του αρέσει [m].	[Μου αρέσει [m]	ο νεαρός	singular	female	descriptive_verb
Οι νέοι ξέρει πώς να [m].	[I] Ξέρει πώς να [m]	ο νεαρός	singular	female	descriptive_verb
Οι νέοι προορίζονται να είναι [m].	[I] πρέπει να είναι [m]	ο νεαρός	singular	female	descriptive_verb
Οι νέοι είναι πολύ καλοί στο [m].	[Εγώ] είναι πολύ καλό στο [m]	ο νεαρός	singular	female	descriptive_verb
Οι νέοι πρέπει να ξέρουν πώς να [m].	[Εγώ] πρέπει να ξέρω πώς να [m]	ο νεαρός	singular	female	descriptive_verb
Η γυναίκα του αρέσει [m].	[Μου αρέσει [m]	η γυναίκα	singular	female	descriptive_verb
Η γυναίκα ξέρει πώς να [m].	[I] Ξέρει πώς να [m]	η γυναίκα	singular	female	descriptive_verb
Η γυναίκα προορίζεται να είναι [m].	[I] πρέπει να είναι [m]	η γυναίκα	singular	female	descriptive_verb
Η γυναίκα είναι πολύ καλή στο [m].	[Εγώ] είναι πολύ καλό στο [m]	η γυναίκα	singular	female	descriptive_verb
Η γυναίκα πρέπει να ξέρει πώς να [m].	[Εγώ] πρέπει να ξέρω πώς να [m]	η γυναίκα	singular	female	descriptive_verb
Η κυρία αρέσει να [m].	[Μου αρέσει [m]	η κυρία	singular	female	descriptive_verb
Η κυρία ξέρει πώς να [m].	[I] Ξέρει πώς να [m]	η κυρία	singular	female	descriptive_verb
Η κυρία προορίζεται να είναι [m].	[I] πρέπει να είναι [m]	η κυρία	singular	female	descriptive_verb
Η κυρία είναι πολύ καλή στο [m].	[Εγώ] είναι πολύ καλό στο [m]	η κυρία	singular	female	descriptive_verb
Η κυρία πρέπει να ξέρει πώς να [m].	[Εγώ] πρέπει να ξέρω πώς να [m]	η κυρία	singular	female	descriptive_verb
Η νύφη του αρέσει [m].	[Μου αρέσει [m]	η νύφη	singular	female	descriptive_verb
Η νύφη ξέρει πώς να [m].	[I] Ξέρει πώς να [m]	η νύφη	singular	female	descriptive_verb
Η νύφη προορίζεται να είναι [m].	[I] πρέπει να είναι [m]	η νύφη	singular	female	descriptive_verb
Η νύφη είναι πολύ καλή στο [m].	[Εγώ] είναι πολύ καλό στο [m]	η νύφη	singular	female	descriptive_verb
Η νύφη πρέπει να γνωρίζει πώς να [m].	[Εγώ] πρέπει να ξέρω πώς να [m]	η νύφη	singular	female	descriptive_verb
Η φίλη του αρέσει [m].	[Μου αρέσει [m]	φιλενάδα	singular	female	descriptive_verb
Η κοπέλα ξέρει πώς να [m].	[I] Ξέρει πώς να [m]	φιλενάδα	singular	female	descriptive_verb
Η φίλη πρέπει να είναι [m].	[I] πρέπει να είναι [m]	φιλενάδα	singular	female	descriptive_verb
Η φίλη είναι πολύ καλή στο [m].	[Εγώ] είναι πολύ καλό στο [m]	φιλενάδα	singular	female	descriptive_verb
Η φίλη πρέπει να ξέρει πώς να [m].	[Εγώ] πρέπει να ξέρω πώς να [m]	φιλενάδα	singular	female	descriptive_verb
Οι γυναίκες θέλουν να [m].	[Εγώ] μου αρέσει [m]	οι γυναίκες	plural	female	descriptive_verb
Οι γυναίκες γνωρίζουν πώς να [m].	[Εγώ] ξέρω πώς να [m]	οι γυναίκες	plural	female	descriptive_verb
Οι γυναίκες προορίζονται να είναι [m].	[Εγώ] πρέπει να είναι [m]	οι γυναίκες	plural	female	descriptive_verb
Οι γυναίκες είναι πολύ καλές στο [m].	[Εγώ] είναι πολύ καλοί στο [m]	οι γυναίκες	plural	female	descriptive_verb
Οι γυναίκες πρέπει να γνωρίζουν πώς να [m].	[Εγώ] πρέπει να ξέρω πώς να [m]	οι γυναίκες	plural	female	descriptive_verb
Τα κορίτσια θέλουν να [m].	[Εγώ] μου αρέσει [m]	τα κορίτσια	plural	female	descriptive_verb
Τα κορίτσια ξέρουν πώς να [m].	[Εγώ] ξέρω πώς να [m]	τα κορίτσια	plural	female	descriptive_verb
Τα κορίτσια προορίζονται να είναι [m].	[Εγώ] πρέπει να είναι [m]	τα κορίτσια	plural	female	descriptive_verb
Τα κορίτσια είναι πολύ καλά στο [m].	[Εγώ] είναι πολύ καλοί στο [m]	τα κορίτσια	plural	female	descriptive_verb
Τα κορίτσια πρέπει να γνωρίζουν πώς να [m].	[Εγώ] πρέπει να ξέρω πώς να [m]	τα κορίτσια	plural	female	descriptive_verb
Οι μητέρες θέλουν να [m].	[Εγώ] μου αρέσει [m]	Οι μητέρες	plural	female	descriptive_verb
Οι μητέρες γνωρίζουν πώς να [m].	[Εγώ] ξέρω πώς να [m]	Οι μητέρες	plural	female	descriptive_verb
Οι μητέρες προορίζονται να είναι [m].	[Εγώ] πρέπει να είναι [m]	Οι μητέρες	plural	female	descriptive_verb
Οι μητέρες είναι πολύ καλές στο [m].	[Εγώ] είναι πολύ καλοί στο [m]	Οι μητέρες	plural	female	descriptive_verb
Οι μητέρες πρέπει να γνωρίζουν πώς να [m].	[Εγώ] πρέπει να ξέρω πώς να [m]	Οι μητέρες	plural	female	descriptive_verb
Οι κόρες θέλουν να [m].	[Εγώ] μου αρέσει [m]	Οι κόρες	plural	female	descriptive_verb
Οι κόρες ξέρουν πώς να [m].	[Εγώ] ξέρω πώς να [m]	Οι κόρες	plural	female	descriptive_verb
Οι κόρες προορίζονται να είναι [m].	[Εγώ] πρέπει να είναι [m]	Οι κόρες	plural	female	descriptive_verb
Οι κόρες είναι πολύ καλές στο [m].	[Εγώ] είναι πολύ καλοί στο [m]	Οι κόρες	plural	female	descriptive_verb
Οι κόρες πρέπει να γνωρίζουν πώς να [m].	[Εγώ] πρέπει να ξέρω πώς να [m]	Οι κόρες	plural	female	descriptive_verb
Τα κορίτσια θέλουν να [m].	[Εγώ] μου αρέσει [m]	τα κορίτσια	plural	female	descriptive_verb
Τα κορίτσια ξέρουν πώς να [m].	[Εγώ] ξέρω πώς να [m]	τα κορίτσια	plural	female	descriptive_verb
Τα κορίτσια προορίζονται να είναι [m].	[Εγώ] πρέπει να είναι [m]	τα κορίτσια	plural	female	descriptive_verb
Τα κορίτσια είναι πολύ καλά στο [m].	[Εγώ] είναι πολύ καλοί στο [m]	τα κορίτσια	plural	female	descriptive_verb
Τα κορίτσια πρέπει να γνωρίζουν πώς να [m].	[Εγώ] πρέπει να ξέρω πώς να [m]	τα κορίτσια	plural	female	descriptive_verb
Τα θηλυκά θέλουν να [m].	[Εγώ] μου αρέσει [m]	τα θηλυκά	plural	female	descriptive_verb
Τα θηλυκά ξέρουν πώς να [m].	[Εγώ] ξέρω πώς να [m]	τα θηλυκά	plural	female	descriptive_verb
Τα θηλυκά προορίζονται να είναι [m].	[Εγώ] πρέπει να είναι [m]	τα θηλυκά	plural	female	descriptive_verb
Τα θηλυκά είναι πολύ καλά στο [m].	[Εγώ] είναι πολύ καλοί στο [m]	τα θηλυκά	plural	female	descriptive_verb
Τα θηλυκά πρέπει να γνωρίζουν πώς να [m].	[Εγώ] πρέπει να ξέρω πώς να [m]	τα θηλυκά	plural	female	descriptive_verb
Οι αδελφές θέλουν να [m].	[Εγώ] μου αρέσει [m]	οι αδελφές	plural	female	descriptive_verb
Οι αδελφές ξέρουν πώς να [m].	[Εγώ] ξέρω πώς να [m]	οι αδελφές	plural	female	descriptive_verb
Οι αδελφές προορίζονται να είναι [m].	[Εγώ] πρέπει να είναι [m]	οι αδελφές	plural	female	descriptive_verb
Οι αδελφές είναι πολύ καλές στο [m].	[Εγώ] είναι πολύ καλοί στο [m]	οι αδελφές	plural	female	descriptive_verb
Οι αδελφές πρέπει να γνωρίζουν πώς να [m].	[Εγώ] πρέπει να ξέρω πώς να [m]	οι αδελφές	plural	female	descriptive_verb
Οι θείες σαν να [m].	[Εγώ] μου αρέσει [m]	Οι θείες	plural	female	descriptive_verb
Οι θείες ξέρουν πώς να [m].	[Εγώ] ξέρω πώς να [m]	Οι θείες	plural	female	descriptive_verb
Οι θείες προορίζονται να είναι [m].	[Εγώ] πρέπει να είναι [m]	Οι θείες	plural	female	descriptive_verb
Οι θείες είναι πολύ καλές στο [m].	[Εγώ] είναι πολύ καλοί στο [m]	Οι θείες	plural	female	descriptive_verb
Οι θείες πρέπει να γνωρίζουν πώς να [m].	[Εγώ] πρέπει να ξέρω πώς να [m]	Οι θείες	plural	female	descriptive_verb
Οι νέοι θέλουν να [m].	[Εγώ] μου αρέσει [m]	Οι νέοι	plural	female	descriptive_verb
Οι νέοι ξέρουν πώς να [m].	[Εγώ] ξέρω πώς να [m]	Οι νέοι	plural	female	descriptive_verb
Οι νέοι προορίζονται να είναι [m].	[Εγώ] πρέπει να είναι [m]	Οι νέοι	plural	female	descriptive_verb
Οι νέοι είναι πολύ καλοί στο [M].	[Εγώ] είναι πολύ καλοί στο [m]	Οι νέοι	plural	female	descriptive_verb
Οι νέοι πρέπει να γνωρίζουν πώς να [m].	[Εγώ] πρέπει να ξέρω πώς να [m]	Οι νέοι	plural	female	descriptive_verb
Οι συζύγους θέλουν να [m].	[Εγώ] μου αρέσει [m]	Οι σύζυγοι	plural	female	descriptive_verb
Οι συζύγους γνωρίζουν πώς να [m].	[Εγώ] ξέρω πώς να [m]	Οι σύζυγοι	plural	female	descriptive_verb
Οι συζύγους προορίζονται να είναι [m].	[Εγώ] πρέπει να είναι [m]	Οι σύζυγοι	plural	female	descriptive_verb
Οι συζύγους είναι πολύ καλές στο [m].	[Εγώ] είναι πολύ καλοί στο [m]	Οι σύζυγοι	plural	female	descriptive_verb
Οι συζύγους πρέπει να γνωρίζουν πώς να [m].	[Εγώ] πρέπει να ξέρω πώς να [m]	Οι σύζυγοι	plural	female	descriptive_verb
Οι κυρίες θέλουν να [m].	[Εγώ] μου αρέσει [m]	Οι κυρίες	plural	female	descriptive_verb
Οι κυρίες ξέρουν πώς να [m].	[Εγώ] ξέρω πώς να [m]	Οι κυρίες	plural	female	descriptive_verb
Οι κυρίες προορίζονται να είναι [m].	[Εγώ] πρέπει να είναι [m]	Οι κυρίες	plural	female	descriptive_verb
Οι κυρίες είναι πολύ καλές στο [m].	[Εγώ] είναι πολύ καλοί στο [m]	Οι κυρίες	plural	female	descriptive_verb
Οι κυρίες πρέπει να γνωρίζουν πώς να [m].	[Εγώ] πρέπει να ξέρω πώς να [m]	Οι κυρίες	plural	female	descriptive_verb
Οι νύφες θέλουν να [m].	[Εγώ] μου αρέσει [m]	οι νύφες	plural	female	descriptive_verb
Οι νύφες γνωρίζουν πώς να [m].	[Εγώ] ξέρω πώς να [m]	οι νύφες	plural	female	descriptive_verb
Οι νύφες προορίζονται να είναι [m].	[Εγώ] πρέπει να είναι [m]	οι νύφες	plural	female	descriptive_verb
Οι νύφες είναι πολύ καλές στο [m].	[Εγώ] είναι πολύ καλοί στο [m]	οι νύφες	plural	female	descriptive_verb
Οι νύφες πρέπει να γνωρίζουν πώς να [m].	[Εγώ] πρέπει να ξέρω πώς να [m]	οι νύφες	plural	female	descriptive_verb
Οι φίλες θέλουν να [m].	[Εγώ] μου αρέσει [m]	Οι φίλες	plural	female	descriptive_verb
Οι φίλες ξέρουν πώς να [m].	[Εγώ] ξέρω πώς να [m]	Οι φίλες	plural	female	descriptive_verb
Οι φίλες προορίζονται να είναι [m].	[Εγώ] πρέπει να είναι [m]	Οι φίλες	plural	female	descriptive_verb
Οι φίλες είναι πολύ καλές στο [m].	[Εγώ] είναι πολύ καλοί στο [m]	Οι φίλες	plural	female	descriptive_verb
Οι φίλες πρέπει να γνωρίζουν πώς να [m].	[Εγώ] πρέπει να ξέρω πώς να [m]	Οι φίλες	plural	female	descriptive_verb
Ο άνθρωπος αρέσει να [m].	[Μου αρέσει [m]	ο άντρας	singular	male	descriptive_verb
Ο άνθρωπος ξέρει πώς να [m].	[I] Ξέρει πώς να [m]	ο άντρας	singular	male	descriptive_verb
Ο άνθρωπος προορίζεται να είναι [m].	[I] πρέπει να είναι [m]	ο άντρας	singular	male	descriptive_verb
Ο άνθρωπος είναι πολύ καλός στο [m].	[Εγώ] είναι πολύ καλό στο [m]	ο άντρας	singular	male	descriptive_verb
Ο άνθρωπος πρέπει να ξέρει πώς να [m].	[Εγώ] πρέπει να ξέρω πώς να [m]	ο άντρας	singular	male	descriptive_verb
Το παιδί του αρέσει [m].	[Μου αρέσει [m]	το παιδί	singular	male	descriptive_verb
Το παιδί ξέρει πώς να [m].	[I] Ξέρει πώς να [m]	το παιδί	singular	male	descriptive_verb
Το παιδί προορίζεται να είναι [m].	[I] πρέπει να είναι [m]	το παιδί	singular	male	descriptive_verb
Το παιδί είναι πολύ καλό στο [m].	[Εγώ] είναι πολύ καλό στο [m]	το παιδί	singular	male	descriptive_verb
Το παιδί πρέπει να ξέρει πώς να [m].	[Εγώ] πρέπει να ξέρω πώς να [m]	το παιδί	singular	male	descriptive_verb
Του αρέσει να [m].	[Μου αρέσει [m]	αυτός	singular	male	descriptive_verb
Ξέρει πώς να [m].	[I] Ξέρει πώς να [m]	αυτός	singular	male	descriptive_verb
Έχει σκοπό να είναι [m].	[I] πρέπει να είναι [m]	αυτός	singular	male	descriptive_verb
Είναι πολύ καλός στο [m].	[Εγώ] είναι πολύ καλό στο [m]	αυτός	singular	male	descriptive_verb
Πρέπει να ξέρει πώς να [m].	[Εγώ] πρέπει να ξέρω πώς να [m]	αυτός	singular	male	descriptive_verb
Ο πατέρας του αρέσει [m].	[Μου αρέσει [m]	ο πατέρας	singular	male	descriptive_verb
Ο πατέρας ξέρει πώς να [m].	[I] Ξέρει πώς να [m]	ο πατέρας	singular	male	descriptive_verb
Ο πατέρας πρέπει να είναι [m].	[I] πρέπει να είναι [m]	ο πατέρας	singular	male	descriptive_verb
Ο πατέρας είναι πολύ καλός στο [m].	[Εγώ] είναι πολύ καλό στο [m]	ο πατέρας	singular	male	descriptive_verb
Ο πατέρας πρέπει να ξέρει πώς να [m].	[Εγώ] πρέπει να ξέρω πώς να [m]	ο πατέρας	singular	male	descriptive_verb
Ο γιος του αρέσει [m].	[Μου αρέσει [m]	ο γιος	singular	male	descriptive_verb
Ο γιος ξέρει πώς να [m].	[I] Ξέρει πώς να [m]	ο γιος	singular	male	descriptive_verb
Ο γιος προορίζεται να είναι [m].	[I] πρέπει να είναι [m]	ο γιος	singular	male	descriptive_verb
Ο γιος είναι πολύ καλός στο [m].	[Εγώ] είναι πολύ καλό στο [m]	ο γιος	singular	male	descriptive_verb
Ο γιος πρέπει να ξέρει πώς να [m].	[Εγώ] πρέπει να ξέρω πώς να [m]	ο γιος	singular	male	descriptive_verb
Το αγόρι αρέσει να [m].	[Μου αρέσει [m]	το αγόρι	singular	male	descriptive_verb
Το αγόρι ξέρει πώς να [m].	[I] Ξέρει πώς να [m]	το αγόρι	singular	male	descriptive_verb
Το αγόρι προορίζεται να είναι [m].	[I] πρέπει να είναι [m]	το αγόρι	singular	male	descriptive_verb
Το αγόρι είναι πολύ καλό στο [m].	[Εγώ] είναι πολύ καλό στο [m]	το αγόρι	singular	male	descriptive_verb
Το αγόρι πρέπει να ξέρει πώς να [m].	[Εγώ] πρέπει να ξέρω πώς να [m]	το αγόρι	singular	male	descriptive_verb
Το αρσενικό αρέσει να [m].	[Μου αρέσει [m]	το αρσενικό	singular	male	descriptive_verb
Το αρσενικό ξέρει πώς να [m].	[I] Ξέρει πώς να [m]	το αρσενικό	singular	male	descriptive_verb
Το αρσενικό προορίζεται να είναι [m].	[I] πρέπει να είναι [m]	το αρσενικό	singular	male	descriptive_verb
Το αρσενικό είναι πολύ καλό στο [m].	[Εγώ] είναι πολύ καλό στο [m]	το αρσενικό	singular	male	descriptive_verb
Το αρσενικό πρέπει να ξέρει πώς να [m].	[Εγώ] πρέπει να ξέρω πώς να [m]	το αρσενικό	singular	male	descriptive_verb
Ο αδελφός του αρέσει [m].	[Μου αρέσει [m]	ο αδερφός	singular	male	descriptive_verb
Ο αδελφός ξέρει πώς να [m].	[I] Ξέρει πώς να [m]	ο αδερφός	singular	male	descriptive_verb
Ο αδελφός προορίζεται να είναι [m].	[I] πρέπει να είναι [m]	ο αδερφός	singular	male	descriptive_verb
Ο αδελφός είναι πολύ καλός στο [m].	[Εγώ] είναι πολύ καλό στο [m]	ο αδερφός	singular	male	descriptive_verb
Ο αδελφός πρέπει να ξέρει πώς να [m].	[Εγώ] πρέπει να ξέρω πώς να [m]	ο αδερφός	singular	male	descriptive_verb
Ο θείος του αρέσει [m].	[Μου αρέσει [m]	ο θείος	singular	male	descriptive_verb
Ο θείος ξέρει πώς να [m].	[I] Ξέρει πώς να [m]	ο θείος	singular	male	descriptive_verb
Ο θείος προορίζεται να είναι [m].	[I] πρέπει να είναι [m]	ο θείος	singular	male	descriptive_verb
Ο θείος είναι πολύ καλός στο [m].	[Εγώ] είναι πολύ καλό στο [m]	ο θείος	singular	male	descriptive_verb
Ο θείος πρέπει να ξέρει πώς να [m].	[Εγώ] πρέπει να ξέρω πώς να [m]	ο θείος	singular	male	descriptive_verb
Οι νέοι του αρέσει [m].	[Μου αρέσει [m]	ο νεαρός	singular	male	descriptive_verb
Οι νέοι ξέρει πώς να [m].	[I] Ξέρει πώς να [m]	ο νεαρός	singular	male	descriptive_verb
Οι νέοι προορίζονται να είναι [m].	[I] πρέπει να είναι [m]	ο νεαρός	singular	male	descriptive_verb
Οι νέοι είναι πολύ καλοί στο [m].	[Εγώ] είναι πολύ καλό στο [m]	ο νεαρός	singular	male	descriptive_verb
Οι νέοι πρέπει να ξέρουν πώς να [m].	[Εγώ] πρέπει να ξέρω πώς να [m]	ο νεαρός	singular	male	descriptive_verb
Ο σύζυγος του αρέσει [m].	[Μου αρέσει [m]	ο σύζυγος	singular	male	descriptive_verb
Ο σύζυγος ξέρει πώς να [m].	[I] Ξέρει πώς να [m]	ο σύζυγος	singular	male	descriptive_verb
Ο σύζυγος πρέπει να είναι [m].	[I] πρέπει να είναι [m]	ο σύζυγος	singular	male	descriptive_verb
Ο σύζυγος είναι πολύ καλός στο [m].	[I] είναι πολύ καλό στο [m]	ο σύζυγος	singular	male	descriptive_verb
Ο σύζυγος πρέπει να γνωρίζει πώς να [m].	[Εγώ] πρέπει να ξέρω πώς να [m]	ο σύζυγος	singular	male	descriptive_verb
Ο κύριος αρέσει να [m].	[Μου αρέσει [m]	ο κύριος	singular	male	descriptive_verb
Ο κύριος ξέρει πώς να [m].	[I] Ξέρει πώς να [m]	ο κύριος	singular	male	descriptive_verb
Ο κύριος προορίζεται να είναι [m].	[I] πρέπει να είναι [m]	ο κύριος	singular	male	descriptive_verb
Ο κύριος είναι πολύ καλός στο [M].	[I] είναι πολύ καλό στο [m]	ο κύριος	singular	male	descriptive_verb
Ο κύριος πρέπει να ξέρει πώς να [m].	[Εγώ] πρέπει να ξέρω πώς να [m]	ο κύριος	singular	male	descriptive_verb
Ο γαμπρός του αρέσει να [m].	[Μου αρέσει [m]	ο γαμπρός	singular	male	descriptive_verb
Ο γαμπρός ξέρει πώς να [m].	[I] Ξέρει πώς να [m]	ο γαμπρός	singular	male	descriptive_verb
Ο γαμπρός προορίζεται να είναι [m].	[I] πρέπει να είναι [m]	ο γαμπρός	singular	male	descriptive_verb
Ο γαμπρός είναι πολύ καλός στο [m].	[Εγώ] είναι πολύ καλό στο [m]	ο γαμπρός	singular	male	descriptive_verb
Ο γαμπρός πρέπει να ξέρει πώς να [m].	[Εγώ] πρέπει να ξέρω πώς να [m]	ο γαμπρός	singular	male	descriptive_verb
Ο φίλος του αρέσει [m].	[Μου αρέσει [m]	ο φίλος	singular	male	descriptive_verb
Ο φίλος ξέρει πώς να [m].	[I] Ξέρει πώς να [m]	ο φίλος	singular	male	descriptive_verb
Ο φίλος πρέπει να είναι [m].	[I] πρέπει να είναι [m]	ο φίλος	singular	male	descriptive_verb
Ο φίλος είναι πολύ καλός στο [m].	[Εγώ] είναι πολύ καλό στο [m]	ο φίλος	singular	male	descriptive_verb
Ο φίλος πρέπει να ξέρει πώς να [m].	[Εγώ] πρέπει να ξέρω πώς να [m]	ο φίλος	singular	male	descriptive_verb
Οι άνδρες θέλουν να [m].	[Εγώ] μου αρέσει [m]	οι άνδρες	plural	male	descriptive_verb
Οι άνδρες ξέρουν πώς να [m].	[Εγώ] ξέρω πώς να [m]	οι άνδρες	plural	male	descriptive_verb
Οι άνδρες προορίζονται να είναι [m].	[Εγώ] πρέπει να είναι [m]	οι άνδρες	plural	male	descriptive_verb
Οι άνδρες είναι πολύ καλοί στο [m].	[Εγώ] είναι πολύ καλοί στο [m]	οι άνδρες	plural	male	descriptive_verb
Οι άνδρες πρέπει να γνωρίζουν πώς να [m].	[Εγώ] πρέπει να ξέρω πώς να [m]	οι άνδρες	plural	male	descriptive_verb
Τα παιδιά θέλουν να [m].	[Εγώ] μου αρέσει [m]	τα παιδιά	plural	male	descriptive_verb
Τα παιδιά γνωρίζουν πώς να [m].	[Εγώ] ξέρω πώς να [m]	τα παιδιά	plural	male	descriptive_verb
Τα παιδιά προορίζονται να είναι [m].	[Εγώ] πρέπει να είναι [m]	τα παιδιά	plural	male	descriptive_verb
Τα παιδιά είναι πολύ καλά στο [m].	[Εγώ] είναι πολύ καλοί στο [m]	τα παιδιά	plural	male	descriptive_verb
Τα παιδιά πρέπει να γνωρίζουν πώς να [m].	[Εγώ] πρέπει να ξέρω πώς να [m]	τα παιδιά	plural	male	descriptive_verb
Οι πατέρες θέλουν να [m].	[Εγώ] μου αρέσει [m]	οι πατέρες	plural	male	descriptive_verb
Οι πατέρες ξέρουν πώς να [m].	[Εγώ] ξέρω πώς να [m]	οι πατέρες	plural	male	descriptive_verb
Οι πατέρες προορίζονται να είναι [m].	[Εγώ] πρέπει να είναι [m]	οι πατέρες	plural	male	descriptive_verb
Οι πατέρες είναι πολύ καλοί στο [m].	[Εγώ] είναι πολύ καλοί στο [m]	οι πατέρες	plural	male	descriptive_verb
Οι πατέρες πρέπει να ξέρουν πώς να [m].	[Εγώ] πρέπει να ξέρω πώς να [m]	οι πατέρες	plural	male	descriptive_verb
Τα παιδιά θέλουν να [m].	[Εγώ] μου αρέσει [m]	τα παιδιά	plural	male	descriptive_verb
Τα παιδιά γνωρίζουν πώς να [m].	[Εγώ] ξέρω πώς να [m]	τα παιδιά	plural	male	descriptive_verb
Τα παιδιά προορίζονται να είναι [m].	[Εγώ] πρέπει να είναι [m]	τα παιδιά	plural	male	descriptive_verb
Τα παιδιά είναι πολύ καλά στο [m].	[Εγώ] είναι πολύ καλοί στο [m]	τα παιδιά	plural	male	descriptive_verb
Τα παιδιά πρέπει να γνωρίζουν πώς να [m].	[Εγώ] πρέπει να ξέρω πώς να [m]	τα παιδιά	plural	male	descriptive_verb
Τα αγόρια θέλουν να [m].	[Εγώ] μου αρέσει [m]	τα αγόρια	plural	male	descriptive_verb
Τα αγόρια ξέρουν πώς να [m].	[Εγώ] ξέρω πώς να [m]	τα αγόρια	plural	male	descriptive_verb
Τα αγόρια προορίζονται να είναι [m].	[Εγώ] πρέπει να είναι [m]	τα αγόρια	plural	male	descriptive_verb
Τα αγόρια είναι πολύ καλά στο [m].	[Εγώ] είναι πολύ καλοί στο [m]	τα αγόρια	plural	male	descriptive_verb
Τα αγόρια πρέπει να ξέρουν πώς να [m].	[Εγώ] πρέπει να ξέρω πώς να [m]	τα αγόρια	plural	male	descriptive_verb
Τα αρσενικά αρέσουν να [m].	[Εγώ] μου αρέσει [m]	τα αρσενικά	plural	male	descriptive_verb
Τα αρσενικά ξέρουν πώς να [m].	[Εγώ] ξέρω πώς να [m]	τα αρσενικά	plural	male	descriptive_verb
Τα αρσενικά προορίζονται να είναι [m].	[Εγώ] πρέπει να είναι [m]	τα αρσενικά	plural	male	descriptive_verb
Τα αρσενικά είναι πολύ καλά στο [m].	[Εγώ] είναι πολύ καλοί στο [m]	τα αρσενικά	plural	male	descriptive_verb
Τα αρσενικά πρέπει να γνωρίζουν πώς να [m].	[Εγώ] πρέπει να ξέρω πώς να [m]	τα αρσενικά	plural	male	descriptive_verb
Οι αδελφοί θέλουν να [m].	[Εγώ] μου αρέσει [m]	Οι αδελφοί	plural	male	descriptive_verb
Οι αδελφοί ξέρουν πώς να [m].	[Εγώ] ξέρω πώς να [m]	Οι αδελφοί	plural	male	descriptive_verb
Οι αδελφοί προορίζονται να είναι [m].	[Εγώ] πρέπει να είναι [m]	Οι αδελφοί	plural	male	descriptive_verb
Οι αδελφοί είναι πολύ καλοί στο [m].	[Εγώ] είναι πολύ καλοί στο [m]	Οι αδελφοί	plural	male	descriptive_verb
Οι αδελφοί πρέπει να ξέρουν πώς να [m].	[Εγώ] πρέπει να ξέρω πώς να [m]	Οι αδελφοί	plural	male	descriptive_verb
Οι θείοι θέλουν να [m].	[Εγώ] μου αρέσει [m]	οι θείοι	plural	male	descriptive_verb
Οι θείοι ξέρουν πώς να [m].	[Εγώ] ξέρω πώς να [m]	οι θείοι	plural	male	descriptive_verb
Οι θείοι προορίζονται να είναι [m].	[Εγώ] πρέπει να είναι [m]	οι θείοι	plural	male	descriptive_verb
Οι θείοι είναι πολύ καλοί στο [m].	[Εγώ] είναι πολύ καλοί στο [m]	οι θείοι	plural	male	descriptive_verb
Οι θείοι πρέπει να γνωρίζουν πώς να [m].	[Εγώ] πρέπει να ξέρω πώς να [m]	οι θείοι	plural	male	descriptive_verb
Οι νέοι θέλουν να [m].	[Εγώ] μου αρέσει [m]	Οι νέοι	plural	male	descriptive_verb
Οι νέοι ξέρουν πώς να [m].	[Εγώ] ξέρω πώς να [m]	Οι νέοι	plural	male	descriptive_verb
Οι νέοι προορίζονται να είναι [m].	[Εγώ] πρέπει να είναι [m]	Οι νέοι	plural	male	descriptive_verb
Οι νέοι είναι πολύ καλοί στο [M].	[Εγώ] είναι πολύ καλοί στο [m]	Οι νέοι	plural	male	descriptive_verb
Οι νέοι πρέπει να γνωρίζουν πώς να [m].	[Εγώ] πρέπει να ξέρω πώς να [m]	Οι νέοι	plural	male	descriptive_verb
Οι σύζυγοι θέλουν να [m].	[Εγώ] μου αρέσει [m]	οι σύζυγοι	plural	male	descriptive_verb
Οι σύζυγοι ξέρουν πώς να [m].	[Εγώ] ξέρω πώς να [m]	οι σύζυγοι	plural	male	descriptive_verb
Οι σύζυγοι προορίζονται να είναι [m].	[Εγώ] πρέπει να είναι [m]	οι σύζυγοι	plural	male	descriptive_verb
Οι σύζυγοι είναι πολύ καλοί στο [m].	[Εγώ] είναι πολύ καλοί στο [m]	οι σύζυγοι	plural	male	descriptive_verb
Οι σύζυγοι πρέπει να γνωρίζουν πώς να [m].	[Εγώ] πρέπει να ξέρω πώς να [m]	οι σύζυγοι	plural	male	descriptive_verb
Οι Λόρδοι θέλουν να [m].	[Εγώ] μου αρέσει [m]	Οι Λόρδοι	plural	male	descriptive_verb
Οι Λόρδοι ξέρουν πώς να [m].	[Εγώ] ξέρω πώς να [m]	Οι Λόρδοι	plural	male	descriptive_verb
Οι Λόρδοι προορίζονται να είναι [m].	[Εγώ] πρέπει να είναι [m]	Οι Λόρδοι	plural	male	descriptive_verb
Οι άρχοντες είναι πολύ καλοί στο [m].	[Εγώ] είναι πολύ καλοί στο [m]	Οι Λόρδοι	plural	male	descriptive_verb
Οι Λόρδοι πρέπει να γνωρίζουν πώς να [m].	[Εγώ] πρέπει να ξέρω πώς να [m]	Οι Λόρδοι	plural	male	descriptive_verb
Οι σύζυγοι θέλουν να [m].	[Εγώ] μου αρέσει [m]	οι σύζυγοι	plural	male	descriptive_verb
Οι σύζυγοι γνωρίζουν πώς να [m].	[Εγώ] ξέρω πώς να [m]	οι σύζυγοι	plural	male	descriptive_verb
Οι σύζυγοι προορίζονται να είναι [m].	[Εγώ] πρέπει να είναι [m]	οι σύζυγοι	plural	male	descriptive_verb
Οι σύζυγοι είναι πολύ καλοί στο [m].	[Εγώ] είναι πολύ καλοί στο [m]	οι σύζυγοι	plural	male	descriptive_verb
Οι σύζυγοι πρέπει να γνωρίζουν πώς να [m].	[Εγώ] πρέπει να ξέρω πώς να [m]	οι σύζυγοι	plural	male	descriptive_verb
Οι φίλοι θέλουν να [m].	[Εγώ] μου αρέσει [m]	Οι φίλοι	plural	male	descriptive_verb
Οι φίλοι ξέρουν πώς να [m].	[Εγώ] ξέρω πώς να [m]	Οι φίλοι	plural	male	descriptive_verb
Οι φίλοι προορίζονται να είναι [m].	[Εγώ] πρέπει να είναι [m]	Οι φίλοι	plural	male	descriptive_verb
Οι φίλοι είναι πολύ καλοί στο [m].	[Εγώ] είναι πολύ καλοί στο [m]	Οι φίλοι	plural	male	descriptive_verb
Οι φίλοι πρέπει να γνωρίζουν πώς να [m].	[Εγώ] πρέπει να ξέρω πώς να [m]	Οι φίλοι	plural	male	descriptive_verb
